{"code-base-name": "CoreAPI&Services", "description": "", "sources": [{"code-base-name": "CoreAPI&Services", "file_id": 7, "knowledge_revision": 120, "git_revision": "89f0e5b51eeb0675c0dfbd871571b7e8425e2971"}, {"code-base-name": "CoreAPI&Services", "file_id": 13, "knowledge_revision": 64, "git_revision": "327028bb0b258cf3c5c3f2aa75f441b582682632"}, {"code-base-name": "CoreAPI&Services", "file_id": 23, "knowledge_revision": 60, "git_revision": "a50d2abeb189157a632144b275fbaad11de74f70"}, {"code-base-name": "CoreAPI&Services", "file_id": 33, "knowledge_revision": 122, "git_revision": "592d003a5aff3bc65389f329ece3719927f51df7"}, {"code-base-name": "CoreAPI&Services", "file_id": 34, "knowledge_revision": 123, "git_revision": "592d003a5aff3bc65389f329ece3719927f51df7"}, {"code-base-name": "CoreAPI&Services", "file_id": 35, "knowledge_revision": 124, "git_revision": "592d003a5aff3bc65389f329ece3719927f51df7"}, {"code-base-name": "CoreAPI&Services", "file_id": 27, "knowledge_revision": 96, "git_revision": "19710407e292302c797f1a8602379f1eacc3005b"}, {"code-base-name": "CoreAPI&Services", "file_id": 28, "knowledge_revision": 97, "git_revision": "19710407e292302c797f1a8602379f1eacc3005b"}, {"code-base-name": "CoreAPI&Services", "file_id": 29, "knowledge_revision": 98, "git_revision": "19710407e292302c797f1a8602379f1eacc3005b"}, {"code-base-name": "CoreAPI&Services", "file_id": 21, "knowledge_revision": 58, "git_revision": "a50d2abeb189157a632144b275fbaad11de74f70"}, {"code-base-name": "CoreAPI&Services", "file_id": 8, "knowledge_revision": 126, "git_revision": "2d7dee753c35a3dfcfb294158664118376c714db"}, {"code-base-name": "CoreAPI&Services", "file_id": 10, "knowledge_revision": 38, "git_revision": "4b51baf7758a733bbc8a828fda7e991c00961e61"}, {"code-base-name": "CoreAPI&Services", "file_id": 22, "knowledge_revision": 59, "git_revision": "a50d2abeb189157a632144b275fbaad11de74f70"}], "filename": "CoreAPI&Services/API_SUMMARY.md", "knowledge_revision": 131}