{"code-base-name": "CoreAPI&Services", "description": "", "sources": [{"code-base-name": "CoreAPI&Services", "file_id": 3, "knowledge_revision": 15, "git_revision": "36a938dbec10b52d36c62bada437a6e8b0b663c1"}, {"code-base-name": "CoreAPI&Services", "file_id": 4, "knowledge_revision": 16, "git_revision": ""}, {"code-base-name": "CoreAPI&Services", "file_id": 8, "knowledge_revision": 126, "git_revision": "2d7dee753c35a3dfcfb294158664118376c714db"}, {"code-base-name": "CoreAPI&Services", "file_id": 25, "knowledge_revision": 125, "git_revision": "b049abba99551385ad0de10f47dbfdc865197f95"}, {"code-base-name": "CoreAPI&Services", "file_id": 43, "knowledge_revision": 131, "git_revision": ""}, {"code-base-name": "WebAppFrontend", "file_id": 4, "knowledge_revision": 15, "git_revision": "9e02a853b38889e251b7a256e6ca7c8a856648c4"}, {"code-base-name": "WebAppFrontend", "file_id": 5, "knowledge_revision": 8, "git_revision": "22104db58139caa546ece7b0544164aa1f5e2096"}, {"code-base-name": "WebAppFrontend", "file_id": 3, "knowledge_revision": 16, "git_revision": "9e02a853b38889e251b7a256e6ca7c8a856648c4"}], "filename": "README.md", "knowledge_revision": 132}