{"is_source_file": true, "format": "Python", "description": "Initialization file for the CoreAPI&Services FastAPI application package.", "external_files": [], "external_methods": [], "published": [], "classes": [], "methods": [], "calls": [], "search-terms": ["CoreAPI&Services", "FastAPI", "app"], "state": 2, "file_id": 6, "knowledge_revision": 34, "git_revision": "4b51baf7758a733bbc8a828fda7e991c00961e61", "ctags": [], "hash": "a26e17b56efe4637ad2183e1ca455d83", "format-version": 4, "code-base-name": "CoreAPI&Services", "filename": "CoreAPI&Services/app/__init__.py", "revision_history": [{"34": "4b51baf7758a733bbc8a828fda7e991c00961e61"}]}