{"is_source_file": true, "format": "Python", "description": "This file defines a standard error response model and functions to install global exception handlers in a FastAPI application, providing structured JSON error responses.", "external_files": ["fastapi", "fastapi.responses", "pydantic"], "external_methods": ["fastapi.exception_handler", "logger.exception"], "published": ["install_exception_handlers", "ErrorResponse"], "classes": [{"name": "ErrorResponse", "description": "A Pydantic model representing a standardized structure for error responses, including code, message, optional details, and request ID."}], "methods": [{"name": "_request_id_from_headers", "description": "Extracts a request ID from headers if present, for correlation purposes."}, {"name": "install_exception_handlers", "description": "Function that sets up global exception handlers for HTTPException and general Exception in a FastAPI app."}], "calls": ["app.exception_handler", "logger.exception", "request.headers.get", "JSONResponse", "ErrorResponse.model_dump"], "search-terms": ["FastAPI exception handling", "ErrorResponse model", "global error handlers", "structured JSON errors", "FastAPI custom error responses"], "state": 2, "file_id": 10, "knowledge_revision": 38, "git_revision": "4b51baf7758a733bbc8a828fda7e991c00961e61", "ctags": [], "hash": "c97f33d2834c3dcf321487e8a936af48", "format-version": 4, "code-base-name": "CoreAPI&Services", "filename": "CoreAPI&Services/app/core/errors.py", "revision_history": [{"38": "4b51baf7758a733bbc8a828fda7e991c00961e61"}]}