{"is_source_file": true, "format": "Python", "description": "This file defines a FastAPI router with a single debug endpoint for authentication, allowing testing of Principal retrieval via dependency injection.", "external_files": ["app.core.security.oidc", "app.schemas.security"], "external_methods": ["app.core.security.oidc.get_current_principal"], "published": ["router"], "classes": [], "methods": [{"name": "auth_debug", "description": "Async function that echoes the current Principal for debugging purposes."}], "calls": ["app.core.security.oidc.get_current_principal"], "search-terms": ["auth_debug", "OIDC", "Principal", "FastAPI", "APIRouter", "debug endpoint", "Depends", "/auth"], "state": 2, "file_id": 23, "knowledge_revision": 60, "git_revision": "a50d2abeb189157a632144b275fbaad11de74f70", "ctags": [], "hash": "04edacf22d82d354f4ee7fc87f10e560", "format-version": 4, "code-base-name": "CoreAPI&Services", "filename": "CoreAPI&Services/app/api/routers/auth_debug.py", "revision_history": [{"60": "a50d2abeb189157a632144b275fbaad11de74f70"}]}