{"is_source_file": false, "format": "", "description": "", "external_files": [], "external_methods": [], "published": [], "classes": [], "methods": [], "calls": [], "search-terms": [], "state": 2, "file_id": 4, "knowledge_revision": 114, "git_revision": "99820cf292b8e50fe34749ddd02bee0c28672dfc", "hash": "e2d29b2047bed5f87009b204507be715", "format-version": 4, "code-base-name": "CoreAPI&Services", "filename": "CoreAPI&Services/README.md", "revision_history": [{"114": "99820cf292b8e50fe34749ddd02bee0c28672dfc"}]}