{"is_source_file": true, "format": "Python", "description": "This file defines API routes related to user management within a FastAPI application. It includes endpoints for listing, creating, and deleting users, implementing role-based access control using dependencies and security policies.", "external_files": ["app.api.deps", "app.api.security_policies"], "external_methods": ["app.api.deps.require_roles", "app.api.security_policies.ADMIN_ROLES", "app.api.security_policies.READ_ROLES", "app.api.security_policies.WRITE_ROLES"], "published": ["list_users", "create_user", "delete_user"], "classes": [], "methods": [{"name": "list_users", "description": "Endpoint to list users with read permissions enforced via role requirements."}, {"name": "create_user", "description": "Endpoint to create a user, requires write permissions."}, {"name": "delete_user", "description": "Endpoint to delete a user, requires admin permissions."}], "calls": ["Depends(require_roles(READ_ROLES))", "Depends(require_roles(WRITE_ROLES))", "Depends(require_roles(ADMIN_ROLES))"], "search-terms": ["users endpoint", "RBAC enforcement", "FastAPI user routes", "role-based access control", "user management API"], "state": 2, "file_id": 14, "knowledge_revision": 39, "git_revision": "b03ee7c8ca0c5cedd12417956edf848acaa6dcdf", "ctags": [], "hash": "21baeea8ac97fa6454b7d5caf8dab581", "format-version": 4, "code-base-name": "CoreAPI&Services", "filename": "CoreAPI&Services/app/api/routers/users.py", "revision_history": [{"39": "b03ee7c8ca0c5cedd12417956edf848acaa6dcdf"}]}