{"is_source_file": true, "format": "Python", "description": "This file defines a Settings class using pydantic's BaseSettings for application configuration management, including environment variables, defaults, and validation. It also provides a cached function to access the settings.", "external_files": ["pydantic", "pydantic_settings", "functools", "json", "typing"], "external_methods": ["lru_cache", "Field", "field_validator"], "published": ["get_settings"], "classes": [{"name": "Settings", "description": "A pydantic BaseSettings subclass that encapsulates application configuration, loaded from environment variables and optionally from a .env file."}], "methods": [{"name": "_parse_list_env", "description": "Static method to parse environment variables representing lists, supporting JSON arrays, CSV strings, and Python lists."}], "calls": ["json.loads"], "search-terms": ["Settings", "BaseSettings", "application configuration", "environment variables", "pydantic", "SettingsConfigDict", "cached settings"], "state": 2, "file_id": 8, "knowledge_revision": 118, "git_revision": "0cff5c653c04299e715273605b12f6d63ea6758a", "revision_history": [{"36": "4b51baf7758a733bbc8a828fda7e991c00961e61"}, {"53": "4b51baf7758a733bbc8a828fda7e991c00961e61"}, {"62": "4b51baf7758a733bbc8a828fda7e991c00961e61"}, {"118": "0cff5c653c04299e715273605b12f6d63ea6758a"}], "ctags": [], "hash": "d649a8375cf71852fcf290cfaae6953a", "format-version": 4, "code-base-name": "CoreAPI&Services", "filename": "CoreAPI&Services/app/core/config.py"}