{"is_source_file": true, "format": "Python", "description": "This file appears to be a Python package initializer for the Pydantic schemas used in the project, likely defining request and response models for API interactions.", "external_files": [], "external_methods": [], "published": [], "classes": [], "methods": [], "calls": [], "search-terms": ["schemas", "pydantic", "request/response models", "CoreAPI&Services"], "state": 2, "file_id": 16, "knowledge_revision": 44, "git_revision": "4b51baf7758a733bbc8a828fda7e991c00961e61", "ctags": [], "hash": "f385a650753977fc914d335c5ddcbe74", "format-version": 4, "code-base-name": "CoreAPI&Services", "filename": "CoreAPI&Services/app/schemas/__init__.py", "revision_history": [{"44": "4b51baf7758a733bbc8a828fda7e991c00961e61"}]}