{"is_source_file": true, "format": "Python", "description": "This file defines a FastAPI router for assessments, including endpoints for listing, creating, and deleting assessments. It demonstrates role-based access control (RBAC) enforcement using dependency injection and security policies, with endpoints being minimal and database-free.", "external_files": ["app.api.deps", "app.api.security_policies"], "external_methods": ["app.api.deps.require_roles"], "published": ["router"], "classes": [], "methods": [{"name": "list_assessments", "description": "Handles GET requests to list assessments, requiring roles in READ_ROLES."}, {"name": "create_assessment", "description": "Handles POST requests to create an assessment, requiring roles in WRITE_ROLES."}, {"name": "delete_assessment", "description": "Handles DELETE requests to delete an assessment, requiring roles in ADMIN_ROLES."}], "calls": ["require_roles(READ_ROLES)", "require_roles(WRITE_ROLES)", "require_roles(ADMIN_ROLES)"], "search-terms": ["Assessments API router", "RBAC enforcement", "FastAPI router", "role-based access control", "assessments endpoints", "assessment CRUD"], "state": 2, "file_id": 16, "knowledge_revision": 44, "git_revision": "53552cd6c3330a23f0ce7306a7c612713143570d", "revision_history": [{"41": "b03ee7c8ca0c5cedd12417956edf848acaa6dcdf"}, {"44": "53552cd6c3330a23f0ce7306a7c612713143570d"}], "ctags": [], "hash": "dbefe16b4b9b3bcabd1b6b9b3ac4f981", "format-version": 4, "code-base-name": "CoreAPI&Services", "filename": "CoreAPI&Services/app/api/routers/assessments.py"}