{"is_source_file": true, "format": "Python", "description": "This file defines an enumeration of platform roles for RBAC, along with utility functions to parse roles from strings and list all roles.", "external_files": [], "external_methods": [], "published": ["Role", "from_str", "list_all"], "classes": [{"name": "Role", "description": "An enumeration representing platform roles used for RBAC, with string values."}], "methods": [{"name": "from_str", "description": "Parses a role from a string input, supporting case-insensitive and separator variations."}, {"name": "list_all", "description": "Returns a list of all defined roles."}], "calls": ["Role.__init__", "ValueError.__init__"], "search-terms": ["roles enumeration", "RBAC roles", "role parsing", "platform roles"], "state": 2, "file_id": 20, "knowledge_revision": 56, "git_revision": "a50d2abeb189157a632144b275fbaad11de74f70", "ctags": [], "hash": "b9fa97dd4dd680655600c577185cb400", "format-version": 4, "code-base-name": "CoreAPI&Services", "filename": "CoreAPI&Services/app/core/security/roles.py", "revision_history": [{"56": "a50d2abeb189157a632144b275fbaad11de74f70"}]}