{"is_source_file": true, "format": "Python", "description": "This file defines data models for user-related data transfer objects (DTOs) using Pydantic. It includes schemas for user creation, reading, updating, and listing responses, focusing on user attributes such as name, id, and timestamps.", "external_files": ["pydantic", "datetime"], "external_methods": [], "published": ["UserBase", "UserCreate", "UserUpdate", "UserRead", "UserListResponse"], "classes": [{"name": "UserBase", "description": "Shared user fields, including display name."}, {"name": "UserCreate", "description": "Payload for creating a new user, inheriting from UserBase."}, {"name": "UserUpdate", "description": "Payload for updating user information, primarily the user name."}, {"name": "UserRead", "description": "Schema representing user data in responses, including ID and timestamps."}, {"name": "UserListResponse", "description": "Envelope for listing multiple users with total count."}], "methods": [], "calls": [], "search-terms": ["User", "pydantic", "schemas", "user models", "DTOs", "UserListResponse"], "state": 3, "file_id": 27, "knowledge_revision": 72, "git_revision": "f32db9f7648c3bf6e6253d6e6d769aa42b98ef52", "ctags": [], "hash": "25162f9d11ed26ac43887c1fd6ddeef3", "format-version": 4, "code-base-name": "CoreAPI&Services", "filename": "CoreAPI&Services/app/schemas/users.py", "revision_history": [{"72": "f32db9f7648c3bf6e6253d6e6d769aa42b98ef52"}]}