{"is_source_file": true, "format": "Python", "description": "This file defines the UsersService class, which provides placeholder asynchronous methods for user management operations such as listing, getting, creating, updating, and deleting users within the application. It serves as a stub for future backend implementation backed by a database or repository layer.", "external_files": ["app.schemas.users"], "external_methods": ["datetime.now", "timezone.utc"], "published": [], "classes": [{"name": "UsersService", "description": "Service stub for Users domain, providing asynchronous placeholder methods for user data operations."}], "methods": [{"name": "list_users", "description": "Placeholder method that returns a UserListResponse object with a sample user list."}, {"name": "get_user", "description": "Placeholder method that returns a UserRead object for a specified user_id."}, {"name": "create_user", "description": "Placeholder method that creates a new user record based on the provided UserCreate payload."}, {"name": "update_user", "description": "Placeholder method that updates an existing user identified by user_id using the UserUpdate payload."}, {"name": "delete_user", "description": "Placeholder method that returns a confirmation payload indicating deletion of the specified user."}], "calls": ["datetime.now", "timezone.utc"], "search-terms": ["UsersService", "user operations", "placeholder service", "app.schemas.users", "async methods"], "state": 2, "file_id": 30, "knowledge_revision": 86, "git_revision": "f32db9f7648c3bf6e6253d6e6d769aa42b98ef52", "ctags": [], "hash": "b8c8ec190995cd4baa54d3c0cb657027", "format-version": 4, "code-base-name": "CoreAPI&Services", "filename": "CoreAPI&Services/app/services/users.py", "revision_history": [{"86": "f32db9f7648c3bf6e6253d6e6d769aa42b98ef52"}]}