{"is_source_file": true, "format": "Python", "description": "This Python source file defines application configuration using Pydantic's BaseSettings. It loads settings from environment variables and a .env file, providing defaults and validators for various configuration parameters such as server host, port, CORS settings, database connection URI, and OIDC authentication settings. The file also includes utility functions for caching configuration instances and parsing environment variable lists.", "external_files": [".env", "pydantic", "pydantic_settings"], "external_methods": ["pydantic.Field", "pydantic.field_validator", "pydantic_settings.BaseSettings", "pydantic_settings.SettingsConfigDict", "json.loads", "functools.lru_cache"], "published": ["get_settings", "clear_settings_cache"], "classes": [{"name": "Settings", "description": "A Pydantic BaseSettings class that encapsulates application configuration loaded from environment variables and a .env file. It includes various configuration options such as server parameters, CORS settings, database connection info, and OIDC authentication settings, with validation and default values."}], "methods": [{"name": "get_settings", "description": "Returns a cached instance of the Settings class for efficient configuration retrieval."}, {"name": "clear_settings_cache", "description": "Clears the cache of the get_settings function, forcing reloading of configuration from environment variables."}], "calls": ["json.loads", "get_settings.cache_clear"], "search-terms": ["application configuration", "pydantic settings", ".env loading", "OIDC configuration", "CORS settings", "server host port", "MongoDB URI"], "state": 2, "file_id": 8, "knowledge_revision": 144, "git_revision": "749667ff558d78ec1efbd0cd6de8e8a3140a3aa3", "revision_history": [{"36": "4b51baf7758a733bbc8a828fda7e991c00961e61"}, {"53": "4b51baf7758a733bbc8a828fda7e991c00961e61"}, {"62": "4b51baf7758a733bbc8a828fda7e991c00961e61"}, {"118": "0cff5c653c04299e715273605b12f6d63ea6758a"}, {"119": "89f0e5b51eeb0675c0dfbd871571b7e8425e2971"}, {"121": "592d003a5aff3bc65389f329ece3719927f51df7"}, {"126": "2d7dee753c35a3dfcfb294158664118376c714db"}, {"144": "749667ff558d78ec1efbd0cd6de8e8a3140a3aa3"}], "ctags": [], "hash": "d1d6024105397034dc4ccaa451b8b2e9", "format-version": 4, "code-base-name": "CoreAPI&Services", "filename": "CoreAPI&Services/app/core/config.py"}