{"is_source_file": true, "format": "Python", "description": "This is the main entry point for a FastAPI-based web service, configuring application setup, middleware, routers, and logging.", "external_files": ["app.api.routers.assessments", "app.api.routers.content", "app.api.routers.health", "app.api.routers.users", "app.core.config", "app.core.db", "app.core.errors", "app.core.logging"], "external_methods": ["get_settings", "register_mongo_lifecycle", "install_exception_handlers", "configure_logging", "app.include_router"], "published": ["app"], "classes": [], "methods": [{"name": "create_app", "description": "Creates and configures the FastAPI application instance with routers, middleware, and lifecycle hooks."}], "calls": ["get_settings", "configure_logging", "FastAPI", "app.add_middleware", "install_exception_handlers", "register_mongo_lifecycle", "app.include_router", "create_app"], "search-terms": ["FastAPI", "main.py", "app creation", "middleware", "routers", "logging", "CORS", "lifecycle hooks"], "state": 2, "file_id": 7, "knowledge_revision": 79, "git_revision": "f32db9f7648c3bf6e6253d6e6d769aa42b98ef52", "revision_history": [{"35": "4b51baf7758a733bbc8a828fda7e991c00961e61"}, {"55": "4b51baf7758a733bbc8a828fda7e991c00961e61"}, {"65": "327028bb0b258cf3c5c3f2aa75f441b582682632"}, {"79": "f32db9f7648c3bf6e6253d6e6d769aa42b98ef52"}], "ctags": [], "hash": "80317aa1d76a535e670989e3d9b71832", "format-version": 4, "code-base-name": "CoreAPI&Services", "filename": "CoreAPI&Services/app/main.py"}