{"is_source_file": true, "format": "Python", "description": "This file defines API route handlers for managing content items in a FastAPI application. It includes endpoints for listing, retrieving, creating, updating, and deleting content, utilizing dependency injection for the content service.", "external_files": ["app.core.db", "app.schemas.content", "app.services.content"], "external_methods": ["get_db", "ContentCreate", "ContentListResponse", "ContentRead", "ContentUpdate", "ContentService"], "published": ["list_content", "get_content", "create_content", "update_content", "delete_content"], "classes": [], "methods": [{"name": "get_content_service", "description": "Provides a ContentService instance, backed by MongoDB, injected as a dependency into route handlers."}, {"name": "list_content", "description": "Handles GET requests to list content items with pagination."}, {"name": "get_content", "description": "Handles GET requests to retrieve a specific content item by ID."}, {"name": "create_content", "description": "Handles POST requests to create new content items."}, {"name": "update_content", "description": "Handles PUT requests to update an existing content item by ID."}, {"name": "delete_content", "description": "Handles DELETE requests to delete a content item by ID."}], "calls": ["get_db", "service.list_content", "service.get_content", "service.create_content", "service.update_content", "service.delete_content"], "search-terms": ["FastAPI content management", "Content API routes", "MongoDB dependency", "ContentService injection", "content CRUD endpoints"], "state": 2, "file_id": 34, "knowledge_revision": 104, "git_revision": "19710407e292302c797f1a8602379f1eacc3005b", "revision_history": [{"90": "f32db9f7648c3bf6e6253d6e6d769aa42b98ef52"}, {"104": "19710407e292302c797f1a8602379f1eacc3005b"}], "ctags": [], "hash": "873347fa32e510abd8f5b1aa00222c1b", "format-version": 4, "code-base-name": "CoreAPI&Services", "filename": "CoreAPI&Services/app/api/routers/content.py"}