{"is_source_file": true, "format": "Python", "description": "This is the __init__.py file for the app package in a Python project, mainly used to making the directory importable as a package.", "external_files": [], "external_methods": [], "published": [], "classes": [], "methods": [], "calls": [], "search-terms": ["CoreAPI&Services", "__init__.py", "package initialization", "app directory", "Python package"], "state": 2, "file_id": 8, "knowledge_revision": 28, "git_revision": "d55b8dde44c33b31ab8d10db243b8284f63ba083", "ctags": [], "hash": "9f9a91822c1c05aac8b769da6fc55047", "format-version": 4, "code-base-name": "CoreAPI&Services", "filename": "CoreAPI&Services/app/__init__.py", "revision_history": [{"28": "d55b8dde44c33b31ab8d10db243b8284f63ba083"}]}