{"is_source_file": true, "format": "Python", "description": "This file defines error handling utilities for a FastAPI web application. It includes an error response schema, functions for extracting request IDs from headers, and exception handlers to return standardized JSON error responses for HTTP exceptions and unhandled errors.", "external_files": ["fastapi", "fastapi.responses", "pydantic"], "external_methods": ["app.exception_handler", "Request.headers.get", "JSONResponse", "logger.exception"], "published": [], "classes": [{"name": "ErrorResponse", "description": "A Pydantic model representing a standardized error response payload."}], "methods": [{"name": "_request_id_from_headers", "description": "Extracts a request ID or correlation ID from the request headers."}, {"name": "install_exception_handlers", "description": "Sets up global exception handlers for HTTPException and unhandled exceptions, returning JSON error responses."}], "calls": ["app.exception_handler", "Request.headers.get", "JSONResponse", "logger.exception"], "search-terms": ["ErrorResponse", "install_exception_handlers", "HTTPException", "ErrorResponse model"], "state": 2, "file_id": 10, "knowledge_revision": 152, "git_revision": "4b51baf7758a733bbc8a828fda7e991c00961e61", "revision_history": [{"38": "4b51baf7758a733bbc8a828fda7e991c00961e61"}, {"152": "4b51baf7758a733bbc8a828fda7e991c00961e61"}], "ctags": [], "hash": "4ea59a3667a6639101cd90eeb5f43999", "format-version": 4, "code-base-name": "CoreAPI&Services", "filename": "CoreAPI&Services/app/core/errors.py"}