{"is_source_file": true, "format": "Python", "description": "This file defines a ContentService class that provides placeholder asynchronous methods for managing content items, including listing, retrieving, creating, updating, and deleting content. The class serves as a stub for future integration with a database or repository layer.", "external_files": ["app.schemas.content"], "external_methods": ["ContentCreate", "ContentListResponse", "ContentRead", "ContentUpdate"], "published": ["ContentService"], "classes": [{"name": "ContentService", "description": "Service stub for Content domain with asynchronous placeholder methods."}], "methods": [{"name": "list_content", "description": "Asynchronous method returning a placeholder list of content items."}, {"name": "get_content", "description": "Asynchronous method to retrieve a specific content item by ID, returning a placeholder."}, {"name": "create_content", "description": "Asynchronous method to create new content, returning a placeholder content record."}, {"name": "update_content", "description": "Asynchronous method to update existing content, returning an updated placeholder record."}, {"name": "delete_content", "description": "Asynchronous method to delete content, returning a simple confirmation payload."}], "calls": ["datetime.now", "ContentListResponse", "ContentRead"], "search-terms": ["ContentService", "placeholder methods", "async content management", "content CRUD", "content schema"], "state": 2, "file_id": 31, "knowledge_revision": 87, "git_revision": "f32db9f7648c3bf6e6253d6e6d769aa42b98ef52", "ctags": [], "hash": "27edcac78e765a6f1a71ef2ada207682", "format-version": 4, "code-base-name": "CoreAPI&Services", "filename": "CoreAPI&Services/app/services/content.py", "revision_history": [{"87": "f32db9f7648c3bf6e6253d6e6d769aa42b98ef52"}]}