{"is_source_file": true, "format": "Python", "description": "This file defines application configuration settings using Pydantic, loading environment variables and providing defaults for server, CORS, database, and URL-related parameters.", "external_files": ["pydantic", "pydantic_settings"], "external_methods": ["lru_cache"], "published": ["get_settings"], "classes": [{"name": "Settings", "description": "Represents application configuration loaded from environment variables and optional .env file."}], "methods": [{"name": "get_settings", "description": "Returns a cached instance of Settings with environment configurations."}], "calls": ["lru_cache"], "search-terms": ["Config", "Settings", "BaseSettings", "ENV"], "state": 2, "file_id": 8, "knowledge_revision": 36, "git_revision": "4b51baf7758a733bbc8a828fda7e991c00961e61", "ctags": [], "hash": "24b601925afa54c19e35a2fefce5a53b", "format-version": 4, "code-base-name": "CoreAPI&Services", "filename": "CoreAPI&Services/app/core/config.py", "revision_history": [{"36": "4b51baf7758a733bbc8a828fda7e991c00961e61"}]}