{"is_source_file": true, "format": "Python", "description": "This file appears to be a Python module intended to define Pydantic schemas for request and response models in a project. It currently contains only a docstring explaining its purpose.", "external_files": [], "external_methods": [], "published": [], "classes": [], "methods": [], "calls": [], "search-terms": ["pydantic", "schemas", "request", "response", "models", "app", "schemas"], "state": 2, "file_id": 16, "knowledge_revision": 50, "git_revision": "4b51baf7758a733bbc8a828fda7e991c00961e61", "revision_history": [{"44": "4b51baf7758a733bbc8a828fda7e991c00961e61"}, {"50": "4b51baf7758a733bbc8a828fda7e991c00961e61"}], "ctags": [], "hash": "f385a650753977fc914d335c5ddcbe74", "format-version": 4, "code-base-name": "CoreAPI&Services", "filename": "CoreAPI&Services/app/schemas/__init__.py"}