{"is_source_file": true, "format": "Python", "description": "This is the main entrypoint script for a FastAPI application providing the DigitalT3 LMS Core API & Services. It sets up application configuration, middleware, routers, and exception handling for the REST API service.", "external_files": ["app.api.routers.assessments", "app.api.routers.auth_debug", "app.api.routers.content", "app.api.routers.health", "app.api.routers.users", "app.core.config", "app.core.db", "app.core.errors", "app.core.logging"], "external_methods": ["get_settings", "configure_logging", "install_exception_handlers", "register_mongo_lifecycle"], "published": ["app"], "classes": [{"name": "FastAPI", "description": "The main FastAPI application class used to instantiate and configure the web server."}], "methods": [{"name": "create_app", "description": "Creates and configures a FastAPI application instance, including middleware, routers, and error handling."}], "calls": ["get_settings()", "configure_logging(settings)", "install_exception_handlers(app)", "register_mongo_lifecycle(app, settings)", "app.include_router(health_router)", "app.include_router(auth_debug_router)", "app.include_router(users_router)", "app.include_router(content_router)", "app.include_router(assessments_router)"], "search-terms": ["FastAPI", "create_app", "CORS middleware", "routers", "openapi_tags", "MongoDB lifecycle", "exception handlers", "environment settings"], "state": 2, "file_id": 7, "knowledge_revision": 120, "git_revision": "89f0e5b51eeb0675c0dfbd871571b7e8425e2971", "revision_history": [{"35": "4b51baf7758a733bbc8a828fda7e991c00961e61"}, {"55": "4b51baf7758a733bbc8a828fda7e991c00961e61"}, {"65": "327028bb0b258cf3c5c3f2aa75f441b582682632"}, {"79": "f32db9f7648c3bf6e6253d6e6d769aa42b98ef52"}, {"106": "19710407e292302c797f1a8602379f1eacc3005b"}, {"120": "89f0e5b51eeb0675c0dfbd871571b7e8425e2971"}], "ctags": [], "hash": "ae7b644d70899293667df29a0fc0ffe1", "format-version": 4, "code-base-name": "CoreAPI&Services", "filename": "CoreAPI&Services/app/main.py"}