{"is_source_file": true, "format": "Python", "description": "This file defines Pydantic models related to content entities, including creation, update, reading, and listing responses within a content management API.", "external_files": ["pydantic", "datetime"], "external_methods": [], "published": ["ContentBase", "ContentCreate", "ContentUpdate", "ContentRead", "ContentListResponse"], "classes": [{"name": "ContentBase", "description": "Shared content fields including the title."}, {"name": "ContentCreate", "description": "Payload model for creating new content, inherits from ContentBase."}, {"name": "ContentUpdate", "description": "Payload model for updating existing content."}, {"name": "ContentRead", "description": "Model representing content data when read, including identifier and timestamps."}, {"name": "ContentListResponse", "description": "Response envelope for listing multiple content items."}], "methods": [], "calls": [], "search-terms": ["ContentBase", "ContentCreate", "ContentUpdate", "ContentRead", "ContentListResponse", "pydantic", "content model", "schema", "API response models"], "state": 2, "file_id": 28, "knowledge_revision": 83, "git_revision": "f32db9f7648c3bf6e6253d6e6d769aa42b98ef52", "ctags": [], "hash": "1a7d6d335f9b139cbff8cd8333c9cab7", "format-version": 4, "code-base-name": "CoreAPI&Services", "filename": "CoreAPI&Services/app/schemas/content.py", "revision_history": [{"83": "f32db9f7648c3bf6e6253d6e6d769aa42b98ef52"}]}