{"is_source_file": true, "format": "Python", "description": "This file defines data models for assessments within a system, using Pydantic for data validation and serialization. It includes base models for shared assessment fields, as well as specialized models for creation, updating, reading, and listing assessments.", "external_files": ["pydantic", "datetime"], "external_methods": [], "published": ["AssessmentBase", "AssessmentCreate", "AssessmentUpdate", "AssessmentRead", "AssessmentListResponse"], "classes": [{"name": "AssessmentBase", "description": "Base model containing shared fields for assessments, such as title."}, {"name": "AssessmentCreate", "description": "Model used for creating a new assessment, inherits shared fields from AssessmentBase."}, {"name": "AssessmentUpdate", "description": "Model used for updating an assessment, allows optional updating of the title."}, {"name": "AssessmentRead", "description": "Model representing an assessment for response purposes, includes identifier and timestamps."}, {"name": "AssessmentListResponse", "description": "Envelope model for list responses containing multiple assessments."}], "methods": [], "calls": [], "search-terms": ["AssessmentBase", "AssessmentCreate", "AssessmentUpdate", "AssessmentRead", "AssessmentListResponse", "pydantic.BaseModel", "assessment"], "state": 2, "file_id": 29, "knowledge_revision": 85, "git_revision": "f32db9f7648c3bf6e6253d6e6d769aa42b98ef52", "ctags": [], "hash": "e233ba83af3507ce046ecd3b83cb9ba9", "format-version": 4, "code-base-name": "CoreAPI&Services", "filename": "CoreAPI&Services/app/schemas/assessments.py", "revision_history": [{"85": "f32db9f7648c3bf6e6253d6e6d769aa42b98ef52"}]}