{"is_source_file": true, "format": "Python", "description": "This file defines a FastAPI router for authentication debugging endpoints, including a GET endpoint at '/auth/debug' that returns the current user's principal, either from a stub or a validated JWT.", "external_files": ["app.core.security.oidc", "app.schemas.security"], "external_methods": ["app.core.security.oidc.get_current_principal"], "published": ["router"], "classes": [], "methods": [{"name": "auth_debug", "description": "Endpoint handler that returns the current user principal for debugging purposes."}], "calls": ["app.core.security.oidc.get_current_principal"], "search-terms": ["/auth/debug", "FastAPI", "Principal", "OIDC", "Auth router", "JWT", "Depends"], "state": 2, "file_id": 23, "knowledge_revision": 142, "git_revision": "749667ff558d78ec1efbd0cd6de8e8a3140a3aa3", "revision_history": [{"60": "a50d2abeb189157a632144b275fbaad11de74f70"}, {"142": "749667ff558d78ec1efbd0cd6de8e8a3140a3aa3"}], "ctags": [], "hash": "2afa4179d238b03f8e2aa160433c8150", "format-version": 4, "code-base-name": "CoreAPI&Services", "filename": "CoreAPI&Services/app/api/routers/auth_debug.py"}