{"is_source_file": true, "format": "Python", "description": "This is the main entry point for a FastAPI application that sets up and configures the DigitalT3 LMS Core API & Services. It wires environment settings, logging, error handling, CORS middleware, and includes a health router.", "external_files": ["app.api.routers.health", "app.core.config", "app.core.errors", "app.core.logging"], "external_methods": ["get_settings", "install_exception_handlers", "configure_logging"], "published": ["app"], "classes": [], "methods": [{"name": "create_app", "description": "Creates and configures a FastAPI application instance with routers and middleware."}], "calls": ["get_settings", "configure_logging", "FastAPI", "app.add_middleware", "install_exception_handlers", "app.include_router", "create_app"], "search-terms": ["FastAPI", "main.py", "app", "CORS", "health_router", "configure_logging", "install_exception_handlers"], "state": 2, "file_id": 7, "knowledge_revision": 35, "git_revision": "4b51baf7758a733bbc8a828fda7e991c00961e61", "ctags": [], "hash": "9f3e1423e27f18eaab24a1a7011ca189", "format-version": 4, "code-base-name": "CoreAPI&Services", "filename": "CoreAPI&Services/app/main.py", "revision_history": [{"35": "4b51baf7758a733bbc8a828fda7e991c00961e61"}]}