{"is_source_file": true, "format": "Python", "description": "This file defines a configuration settings class for an application, using Pydantic's BaseSettings to load configuration from environment variables and an optional .env file. It specifies various application parameters such as server host, port, CORS settings, database URI, authentication, and URL placeholders, with validation and parsing logic.", "external_files": [".env", "json", "pydantic", "pydantic_settings"], "external_methods": ["json.loads"], "published": ["get_settings()", "clear_settings_cache()"], "classes": [{"name": "Settings", "description": "A Pydantic model inheriting from BaseSettings that encapsulates application configuration options loaded from environment variables and .env files."}], "methods": [{"name": "_parse_list_env", "description": "A static method to parse environment variables representing lists, supporting JSON arrays, CSV strings, and lists/tuples."}], "calls": ["json.loads", "get_settings()", "clear_settings_cache()"], "search-terms": ["application configuration", "pydantic BaseSettings", "environment variable parsing", ".env file config", "app environment variables", "CORS configuration", "MongoDB URI", "OIDC configuration", "settings cache"], "state": 2, "file_id": 8, "knowledge_revision": 126, "git_revision": "2d7dee753c35a3dfcfb294158664118376c714db", "revision_history": [{"36": "4b51baf7758a733bbc8a828fda7e991c00961e61"}, {"53": "4b51baf7758a733bbc8a828fda7e991c00961e61"}, {"62": "4b51baf7758a733bbc8a828fda7e991c00961e61"}, {"118": "0cff5c653c04299e715273605b12f6d63ea6758a"}, {"119": "89f0e5b51eeb0675c0dfbd871571b7e8425e2971"}, {"121": "592d003a5aff3bc65389f329ece3719927f51df7"}, {"126": "2d7dee753c35a3dfcfb294158664118376c714db"}], "ctags": [], "hash": "826b13c6180b3114d0a7341906af252e", "format-version": 4, "code-base-name": "CoreAPI&Services", "filename": "CoreAPI&Services/app/core/config.py"}