{"is_source_file": true, "format": "Python", "description": "This Python source file defines FastAPI API routes related to content management, including listing, retrieving, creating, updating, and deleting content items. It uses dependency injection for the ContentService backed by MongoDB and provides API documentation details for each route.", "external_files": ["app.core.db", "app.schemas.content", "app.services.content"], "external_methods": ["get_db", "ContentCreate", "ContentListResponse", "ContentRead", "ContentUpdate", "ContentService"], "published": ["list_content", "get_content", "create_content", "update_content", "delete_content"], "classes": [], "methods": [{"name": "get_content_service", "description": "Provides a ContentService instance with a MongoDB backend, configured as a dependency for route handlers."}, {"name": "list_content", "description": "Endpoint to list content items with pagination, returning a ContentListResponse."}, {"name": "get_content", "description": "Endpoint to retrieve a specific content item by ID, returning a ContentRead object."}, {"name": "create_content", "description": "Endpoint to create new content, accepting a ContentCreate payload and returning a ContentRead object."}, {"name": "update_content", "description": "Endpoint to update existing content by ID with a ContentUpdate payload, returning the updated ContentRead."}, {"name": "delete_content", "description": "Endpoint to delete a content item by ID, returning a confirmation dictionary."}], "calls": ["ContentService.list_content", "ContentService.get_content", "ContentService.create_content", "ContentService.update_content", "ContentService.delete_content"], "search-terms": ["FastAPI content routing", "MongoDB content service", "content CRUD API", "content endpoint definitions", "content API prefix"], "state": 2, "file_id": 34, "knowledge_revision": 123, "git_revision": "592d003a5aff3bc65389f329ece3719927f51df7", "revision_history": [{"90": "f32db9f7648c3bf6e6253d6e6d769aa42b98ef52"}, {"104": "19710407e292302c797f1a8602379f1eacc3005b"}, {"123": "592d003a5aff3bc65389f329ece3719927f51df7"}], "ctags": [], "hash": "475858eb12bd79fa10eb26f74494b188", "format-version": 4, "code-base-name": "CoreAPI&Services", "filename": "CoreAPI&Services/app/api/routers/content.py"}