{"is_source_file": false, "format": "", "description": "", "external_files": [], "external_methods": [], "published": [], "classes": [], "methods": [], "calls": [], "search-terms": [], "state": 2, "file_id": 4, "knowledge_revision": 84, "git_revision": "f32db9f7648c3bf6e6253d6e6d769aa42b98ef52", "hash": "1bb1c86b4081054ae4d6dcf54829d3b5", "format-version": 4, "code-base-name": "CoreAPI&Services", "filename": "CoreAPI&Services/README.md", "revision_history": [{"84": "f32db9f7648c3bf6e6253d6e6d769aa42b98ef52"}]}