{"is_source_file": true, "format": "Python", "description": "This Python source file defines application configuration settings using pydantic for validation, including environment variables, default values, and validation logic. It encapsulates configuration options such as server ports, logging, CORS, database, and authentication settings.", "external_files": ["pydantic", "pydantic_settings", "json", "functools"], "external_methods": ["lru_cache", "json.loads"], "published": ["get_settings"], "classes": [{"name": "Settings", "description": "A pydantic BaseSettings subclass that defines configuration options for the application, including environment, database, CORS, and auth settings."}], "methods": [{"name": "_parse_list_env", "description": "Parses environment variable values into a list of strings, supporting JSON arrays, CSV strings, and existing list or tuple values."}, {"name": "get_settings", "description": "Returns a cached singleton instance of the Settings class."}], "calls": ["json.loads", "lru_cache"], "search-terms": ["Settings", "app core configuration", "pydantic BaseSettings", ".env file", "environment variable parsing"], "state": 2, "file_id": 8, "knowledge_revision": 121, "git_revision": "592d003a5aff3bc65389f329ece3719927f51df7", "revision_history": [{"36": "4b51baf7758a733bbc8a828fda7e991c00961e61"}, {"53": "4b51baf7758a733bbc8a828fda7e991c00961e61"}, {"62": "4b51baf7758a733bbc8a828fda7e991c00961e61"}, {"118": "0cff5c653c04299e715273605b12f6d63ea6758a"}, {"119": "89f0e5b51eeb0675c0dfbd871571b7e8425e2971"}, {"121": "592d003a5aff3bc65389f329ece3719927f51df7"}], "ctags": [], "hash": "1ef64d668ef2a5bfcd9da1554aa87d26", "format-version": 4, "code-base-name": "CoreAPI&Services", "filename": "CoreAPI&Services/app/core/config.py"}