{"is_source_file": true, "format": "Python", "description": "This file defines API endpoints for user management in a FastAPI application. It includes route handlers for listing, retrieving, creating, updating, and deleting users, all orchestrated via a UsersService that interacts with a MongoDB database. The file specifies route metadata, dependency injection, and API documentation details.", "external_files": ["app.core.db", "app.schemas.users", "app.services.users"], "external_methods": ["get_db", "list_users", "get_user", "create_user", "update_user", "delete_user"], "published": ["list_users", "get_user", "create_user", "update_user", "delete_user"], "classes": [], "methods": [{"name": "get_users_service", "description": "Provides a UsersService instance configured with a MongoDB database for dependency injection within FastAPI routes."}, {"name": "list_users", "description": "API endpoint handler that returns a list of users with pagination support."}, {"name": "get_user", "description": "API endpoint handler to retrieve a single user by ID."}, {"name": "create_user", "description": "API endpoint handler to create a new user based on provided payload."}, {"name": "update_user", "description": "API endpoint handler to update an existing user's details."}, {"name": "delete_user", "description": "API endpoint handler to delete a user by ID."}], "calls": ["service.list_users", "service.get_user", "service.create_user", "service.update_user", "service.delete_user"], "search-terms": ["FastAPI user routes", "MongoDB user service", "users API endpoints", "user CRUD operations", "user management router"], "state": 2, "file_id": 33, "knowledge_revision": 122, "git_revision": "592d003a5aff3bc65389f329ece3719927f51df7", "revision_history": [{"89": "f32db9f7648c3bf6e6253d6e6d769aa42b98ef52"}, {"103": "19710407e292302c797f1a8602379f1eacc3005b"}, {"122": "592d003a5aff3bc65389f329ece3719927f51df7"}], "ctags": [], "hash": "e8a8273f3e6335364d130713b5648da3", "format-version": 4, "code-base-name": "CoreAPI&Services", "filename": "CoreAPI&Services/app/api/routers/users.py"}