{"is_source_file": true, "format": "Python", "description": "This is an __init__.py file for a Python package, containing a brief docstring describing it as a scripts package for operational utilities such as seed, clear, and maintenance.", "external_files": [], "external_methods": [], "published": [], "classes": [], "methods": [], "calls": [], "search-terms": ["Scripts package", "operational utilities", "seed", "clear", "maintenance", "__init__.py"], "state": 2, "file_id": 40, "knowledge_revision": 115, "git_revision": "99820cf292b8e50fe34749ddd02bee0c28672dfc", "ctags": [], "hash": "096f19a45467604ac6bf448196926dd1", "format-version": 4, "code-base-name": "CoreAPI&Services", "filename": "CoreAPI&Services/app/scripts/__init__.py", "revision_history": [{"115": "99820cf292b8e50fe34749ddd02bee0c28672dfc"}]}