{"is_source_file": false, "format": "", "description": "", "external_files": [], "external_methods": [], "published": [], "classes": [], "methods": [], "calls": [], "search-terms": [], "state": 2, "file_id": 19, "knowledge_revision": 47, "git_revision": "4b51baf7758a733bbc8a828fda7e991c00961e61", "hash": "c0b7672194bb4028af5441c0afee6645", "format-version": 4, "code-base-name": "CoreAPI&Services", "filename": "CoreAPI&Services/pytest.ini", "revision_history": [{"47": "4b51baf7758a733bbc8a828fda7e991c00961e61"}]}