{"is_source_file": true, "format": "Python", "description": "This is a FastAPI application entry point for the CoreAPI&Services project, defining the main app object, health endpoints, and optional router inclusion logic.", "external_files": ["app.api.routers.users", "app.api.routers.content", "app.api.routers.assessments"], "external_methods": ["fastapi.FastAPI", "fastapi.APIRouter", "__import__"], "published": ["app"], "classes": [], "methods": [{"name": "_optional_include_router", "description": "Attempts to import and include a router module at runtime if it exists."}, {"name": "healthz", "description": "Liveness endpoint returning a simple status indicating the service is running."}, {"name": "readyz", "description": "Readiness endpoint currently always indicating the service is ready."}], "calls": ["__import__('import_path', fromlist=['router'])", "getattr(module, 'router', None)", "app.include_router(router, prefix=prefix, tags=[tag])"], "search-terms": ["FastAPI app", "health endpoints", "optional routers", "include_router", "app.api.routers"], "state": 2, "file_id": 11, "knowledge_revision": 31, "git_revision": "d55b8dde44c33b31ab8d10db243b8284f63ba083", "ctags": [], "hash": "b530d392a992b25668be7192acafdc91", "format-version": 4, "code-base-name": "CoreAPI&Services", "filename": "CoreAPI&Services/app/main.py", "revision_history": [{"31": "d55b8dde44c33b31ab8d10db243b8284f63ba083"}]}