{"is_source_file": false, "format": "", "description": "", "external_files": [], "external_methods": [], "published": [], "classes": [], "methods": [], "calls": [], "search-terms": [], "state": 2, "file_id": 4, "knowledge_revision": 107, "git_revision": "19710407e292302c797f1a8602379f1eacc3005b", "hash": "8b3424615fa6ac523dc7c4443506092d", "format-version": 4, "code-base-name": "CoreAPI&Services", "filename": "CoreAPI&Services/README.md", "revision_history": [{"107": "19710407e292302c797f1a8602379f1eacc3005b"}]}