{"is_source_file": true, "format": "Python", "description": "This file defines Pydantic data models related to content entities, including base schemas for content creation, updating, reading, and listing responses.", "external_files": ["pydantic", "datetime"], "external_methods": [], "published": ["ContentBase", "ContentCreate", "ContentUpdate", "ContentRead", "ContentListResponse"], "classes": [{"name": "ContentBase", "description": "Shared content fields for create and update operations."}, {"name": "ContentCreate", "description": "Payload model for creating new content."}, {"name": "ContentUpdate", "description": "Payload model for updating existing content."}, {"name": "ContentRead", "description": "Response model representing content with metadata."}, {"name": "ContentListResponse", "description": "Response envelope for listing content items."}], "methods": [], "calls": [], "search-terms": ["ContentBase", "ContentCreate", "ContentUpdate", "ContentRead", "ContentListResponse", "pydantic", "datetime", "schemas", "content"], "state": 2, "file_id": 28, "knowledge_revision": 97, "git_revision": "19710407e292302c797f1a8602379f1eacc3005b", "revision_history": [{"83": "f32db9f7648c3bf6e6253d6e6d769aa42b98ef52"}, {"97": "19710407e292302c797f1a8602379f1eacc3005b"}], "ctags": [], "hash": "a2e0153398e0fc57a84647c3a4148dd9", "format-version": 4, "code-base-name": "CoreAPI&Services", "filename": "CoreAPI&Services/app/schemas/content.py"}