{"is_source_file": false, "format": "", "description": "", "external_files": [], "external_methods": [], "published": [], "classes": [], "methods": [], "calls": [], "search-terms": [], "state": 2, "file_id": 15, "knowledge_revision": 43, "git_revision": "4b51baf7758a733bbc8a828fda7e991c00961e61", "ctags": [], "hash": "6fb5e823aee7507f69de1f45b799e6cc", "format-version": 4, "code-base-name": "CoreAPI&Services", "filename": "CoreAPI&Services/app/services/__init__.py", "revision_history": [{"43": "4b51baf7758a733bbc8a828fda7e991c00961e61"}]}