{"is_source_file": true, "format": "Python", "description": "This file defines REST API endpoints for assessment-related operations using FastAPI. It declares routes for listing, retrieving, creating, updating, and deleting assessments, integrating with a MongoDB backend via an AssessmentsService. The code sets up dependency injection for the service and provides detailed documentation for each route.", "external_files": ["app.core.db", "app.schemas.assessments", "app.services.assessments"], "external_methods": ["get_db", "AssessmentCreate", "AssessmentListResponse", "AssessmentRead", "AssessmentUpdate", "AssessmentsService"], "published": ["list_assessments", "get_assessment", "create_assessment", "update_assessment", "delete_assessment"], "classes": [], "methods": [{"name": "get_assessments_service", "description": "Provides an instance of AssessmentsService with a MongoDB database dependency, intended for dependency injection in FastAPI routes."}, {"name": "list_assessments", "description": "Handles GET requests to list assessments, with pagination support, returning a list response."}, {"name": "get_assessment", "description": "Handles GET requests to retrieve a single assessment by ID."}, {"name": "create_assessment", "description": "Handles POST requests to create a new assessment based on provided payload."}, {"name": "update_assessment", "description": "Handles PUT requests to update an existing assessment by ID."}, {"name": "delete_assessment", "description": "Handles DELETE requests to remove an assessment by ID."}], "calls": ["Depends(get_db)", "AssessmentsService(db=db)", "service.list_assessments(skip=skip, limit=limit)", "service.get_assessment(assessment_id)", "service.create_assessment(payload)", "service.update_assessment(assessment_id, payload)", "service.delete_assessment(assessment_id)"], "search-terms": ["/assessments", "AssessmentsService", "FastAPI routers", "assessment CRUD endpoints", "MongoDB", "assessment API", "assessment routes"], "state": 2, "file_id": 35, "knowledge_revision": 124, "git_revision": "592d003a5aff3bc65389f329ece3719927f51df7", "revision_history": [{"91": "f32db9f7648c3bf6e6253d6e6d769aa42b98ef52"}, {"105": "19710407e292302c797f1a8602379f1eacc3005b"}, {"124": "592d003a5aff3bc65389f329ece3719927f51df7"}], "ctags": [], "hash": "e658e440f6fb36ddf30b4718c34ebc34", "format-version": 4, "code-base-name": "CoreAPI&Services", "filename": "CoreAPI&Services/app/api/routers/assessments.py"}