{"is_source_file": true, "format": "Python", "description": "Source code for API endpoints related to assessments in a FastAPI application, defining routes for listing, retrieving, creating, updating, and deleting assessments, with dependencies on a service layer and database.", "external_files": ["app.core.db", "app.schemas.assessments", "app.services.assessments"], "external_methods": ["get_db", "AssessmentCreate", "AssessmentListResponse", "AssessmentRead", "AssessmentUpdate", "AssessmentsService"], "published": ["list_assessments", "get_assessment", "create_assessment", "update_assessment", "delete_assessment"], "classes": [], "methods": [{"name": "get_assessments_service", "description": "Dependency provider function for injecting an instance of AssessmentsService, initialized with a database connection from the request."}, {"name": "list_assessments", "description": "API endpoint to list assessments, supports pagination, returns a list response."}, {"name": "get_assessment", "description": "API endpoint to fetch a specific assessment by its ID."}, {"name": "create_assessment", "description": "API endpoint to create a new assessment based on provided payload."}, {"name": "update_assessment", "description": "API endpoint to update an existing assessment identified by ID."}, {"name": "delete_assessment", "description": "API endpoint to delete an assessment by ID."}], "calls": ["get_db(request.app)", "service.list_assessments(skip=skip, limit=limit)", "service.get_assessment(assessment_id)", "service.create_assessment(payload)", "service.update_assessment(assessment_id, payload)", "service.delete_assessment(assessment_id)"], "search-terms": ["FastAPI assessments API", "assessments routes", "AssessmentsService dependency", "assessment CRUD endpoints", "MongoDB assessments"], "state": 2, "file_id": 35, "knowledge_revision": 105, "git_revision": "19710407e292302c797f1a8602379f1eacc3005b", "revision_history": [{"91": "f32db9f7648c3bf6e6253d6e6d769aa42b98ef52"}, {"105": "19710407e292302c797f1a8602379f1eacc3005b"}], "ctags": [], "hash": "35b02427057cdf4032f67a4432493e3a", "format-version": 4, "code-base-name": "CoreAPI&Services", "filename": "CoreAPI&Services/app/api/routers/assessments.py"}