{"is_source_file": true, "format": "Python", "description": "This file defines Pydantic data models for user-related schemas in a web service, including create, update, read, and list response models.", "external_files": ["pydantic", "datetime"], "external_methods": ["Field", "EmailStr", "datetime"], "published": ["UserBase", "UserCreate", "UserUpdate", "UserRead", "UserListResponse"], "classes": [{"name": "UserBase", "description": "Shared user fields, including name and email."}, {"name": "UserCreate", "description": "Payload model for creating a user, inherits from UserBase."}, {"name": "UserUpdate", "description": "Payload model for updating a user, allows optional name and email."}, {"name": "UserRead", "description": "Response model for user data, includes id, timestamps, and optional deletion timestamp."}, {"name": "UserListResponse", "description": "Envelope for listing users, contains list of UserRead and pagination info."}], "methods": [], "calls": [], "search-terms": ["User schemas", "pydantic models", "user data models", "UserCreate", "UserRead", "UserUpdate", "UserListResponse"], "state": 2, "file_id": 27, "knowledge_revision": 96, "git_revision": "19710407e292302c797f1a8602379f1eacc3005b", "revision_history": [{"72": "f32db9f7648c3bf6e6253d6e6d769aa42b98ef52"}, {"96": "19710407e292302c797f1a8602379f1eacc3005b"}], "ctags": [], "hash": "465c094ef0c0515cc32f0573ed01900c", "format-version": 4, "code-base-name": "CoreAPI&Services", "filename": "CoreAPI&Services/app/schemas/users.py"}