{"is_source_file": true, "format": "Python", "description": "This is an __init__.py file for the API package, providing a docstring indicating its purpose related to routers, dependencies, and versioning.", "external_files": [], "external_methods": [], "published": [], "classes": [], "methods": [], "calls": [], "search-terms": ["API", "routers", "dependencies", "versioning", "__init__.py"], "state": 2, "file_id": 11, "knowledge_revision": 39, "git_revision": "4b51baf7758a733bbc8a828fda7e991c00961e61", "ctags": [], "hash": "ccb3785a4ed44763ce91908c63436ca1", "format-version": 4, "code-base-name": "CoreAPI&Services", "filename": "CoreAPI&Services/app/api/__init__.py", "revision_history": [{"39": "4b51baf7758a733bbc8a828fda7e991c00961e61"}]}