{"is_source_file": true, "format": "Python", "description": "This is the __init__.py file for the routers package within the CoreAPI&Services project, serving as an entry point and documentation for dynamically included routers.", "external_files": [], "external_methods": [], "published": [], "classes": [], "methods": [], "calls": [], "search-terms": ["routers", "app.main", "CoreAPI&Services", "__init__.py", "package initialization", "dynamic router inclusion"], "state": 2, "file_id": 10, "knowledge_revision": 30, "git_revision": "d55b8dde44c33b31ab8d10db243b8284f63ba083", "ctags": [], "hash": "726224e029dc0c7ee42dd9c6f6209e8b", "format-version": 4, "code-base-name": "CoreAPI&Services", "filename": "CoreAPI&Services/app/api/routers/__init__.py", "revision_history": [{"30": "d55b8dde44c33b31ab8d10db243b8284f63ba083"}]}