{"is_source_file": true, "format": "Python", "description": "This file defines REST API endpoints for content management using FastAPI. It includes route definitions for listing, retrieving, creating, updating, and deleting content items, with dependencies on a ContentService.", "external_files": ["app.schemas.content", "app.services.content"], "external_methods": ["fastapi.APIRouter", "fastapi.Depends", "fastapi.status", "ContentService.list_content", "ContentService.get_content", "ContentService.create_content", "ContentService.update_content", "ContentService.delete_content"], "published": ["list_content", "get_content", "create_content", "update_content", "delete_content"], "classes": [], "methods": [{"name": "get_content_service", "description": "Dependency provider for ContentService, used for injecting the service into route handlers"}, {"name": "list_content", "description": "Endpoint to list content items."}, {"name": "get_content", "description": "Endpoint to retrieve a specific content item by ID."}, {"name": "create_content", "description": "Endpoint to create a new content item."}, {"name": "update_content", "description": "Endpoint to update an existing content item."}, {"name": "delete_content", "description": "Endpoint to delete a content item."}], "calls": ["service.list_content", "service.get_content", "service.create_content", "service.update_content", "service.delete_content"], "search-terms": ["FastAPI content router", "ContentService endpoints", "content CRUD API", "content route definitions", "content API handlers"], "state": 2, "file_id": 34, "knowledge_revision": 90, "git_revision": "f32db9f7648c3bf6e6253d6e6d769aa42b98ef52", "ctags": [], "hash": "b9e8a1774ad167daf9ea795a1c91e62f", "format-version": 4, "code-base-name": "CoreAPI&Services", "filename": "CoreAPI&Services/app/api/routers/content.py", "revision_history": [{"90": "f32db9f7648c3bf6e6253d6e6d769aa42b98ef52"}]}