{"is_source_file": true, "format": "Python", "description": "This file defines API routes for user management in a FastAPI application, including endpoints for listing, retrieving, creating, updating, and deleting users. It sets up an APIRouter with endpoints and dependency injection for a UsersService.", "external_files": ["app.schemas.users", "app.services.users"], "external_methods": ["UsersService.list_users", "UsersService.get_user", "UsersService.create_user", "UsersService.update_user", "UsersService.delete_user", "Depends"], "published": ["list_users", "get_user", "create_user", "update_user", "delete_user"], "classes": [], "methods": [{"name": "get_users_service", "description": "Provides an instance of UsersService for dependency injection."}, {"name": "list_users", "description": "Endpoint to list all users."}, {"name": "get_user", "description": "Endpoint to get a user by ID."}, {"name": "create_user", "description": "Endpoint to create a new user."}, {"name": "update_user", "description": "Endpoint to update an existing user."}, {"name": "delete_user", "description": "Endpoint to delete a user."}], "calls": ["service.list_users", "service.get_user", "service.create_user", "service.update_user", "service.delete_user"], "search-terms": ["FastAPI user routes", "users API endpoint", "user CRUD operations", "APIRouter for users", "depends get_users_service"], "state": 2, "file_id": 33, "knowledge_revision": 89, "git_revision": "f32db9f7648c3bf6e6253d6e6d769aa42b98ef52", "ctags": [], "hash": "238f82b22c62e06e93ebfc939683a0f9", "format-version": 4, "code-base-name": "CoreAPI&Services", "filename": "CoreAPI&Services/app/api/routers/users.py", "revision_history": [{"89": "f32db9f7648c3bf6e6253d6e6d769aa42b98ef52"}]}