{"is_source_file": true, "format": "Python", "description": "This file defines API endpoints related to assessments in a FastAPI application. It sets up routes for listing, retrieving, creating, updating, and deleting assessments, utilizing dependency injection for the AssessmentsService.", "external_files": ["app.schemas.assessments", "app.services.assessments"], "external_methods": ["AssessmentsService.list_assessments", "AssessmentsService.get_assessment", "AssessmentsService.create_assessment", "AssessmentsService.update_assessment", "AssessmentsService.delete_assessment"], "published": ["list_assessments", "get_assessment", "create_assessment", "update_assessment", "delete_assessment"], "classes": [], "methods": [{"name": "get_assessments_service", "description": "Provides a dependency-injected instance of AssessmentsService."}, {"name": "list_assessments", "description": "API endpoint to list all assessments."}, {"name": "get_assessment", "description": "API endpoint to retrieve a specific assessment by ID."}, {"name": "create_assessment", "description": "API endpoint to create a new assessment."}, {"name": "update_assessment", "description": "API endpoint to update an existing assessment."}, {"name": "delete_assessment", "description": "API endpoint to delete an assessment."}], "calls": ["service.list_assessments", "service.get_assessment", "service.create_assessment", "service.update_assessment", "service.delete_assessment"], "search-terms": ["Assessments API", "assessment endpoints", "FastAPI assessments routes", "assessment CRUD operations", "assessments service dependency"], "state": 2, "file_id": 35, "knowledge_revision": 91, "git_revision": "f32db9f7648c3bf6e6253d6e6d769aa42b98ef52", "ctags": [], "hash": "4390ba126e647ee10cdd9e3c9bccc3b8", "format-version": 4, "code-base-name": "CoreAPI&Services", "filename": "CoreAPI&Services/app/api/routers/assessments.py", "revision_history": [{"91": "f32db9f7648c3bf6e6253d6e6d769aa42b98ef52"}]}