{"is_source_file": true, "format": "Python", "description": "This file provides a stub implementation for OIDC security handling within a FastAPI application. It defines data structures for OIDC settings, an interface for token verification and role mapping, and functions to retrieve the current principal and settings, with options for stub-based development or future real OIDC validation.", "external_files": ["app.core.config", "app.core.security.roles", "app.schemas.security"], "external_methods": ["get_settings", "from_str"], "published": ["get_current_principal", "get_oidc_settings"], "classes": [{"name": "OIDCSettings", "description": "Dataclass representing OIDC configuration parameters, including issuer, client ID, audience, and JWKS URI."}, {"name": "OIDCVerifier", "description": "A stub interface class for verifying and parsing OIDC tokens, and mapping roles from claims. Not yet implemented."}], "methods": [{"name": "_settings_to_oidc", "description": "Converts application Settings into OIDCSettings."}, {"name": "_parse_roles_csv", "description": "Parses a comma-separated string into a list of Role objects."}], "calls": ["get_settings", "from_str", "Principal", "raise HTTPException", "raise HTTPException"], "search-terms": ["OIDCSettings", "OIDCVerifier", "get_current_principal", "settings_to_oidc", "parse_roles_csv", "oidc"], "state": 3, "file_id": 22, "knowledge_revision": 59, "git_revision": "a50d2abeb189157a632144b275fbaad11de74f70", "ctags": [], "hash": "04ed7a7dd413195aa0b0af6fde9b3f64", "format-version": 4, "code-base-name": "CoreAPI&Services", "filename": "CoreAPI&Services/app/core/security/oidc.py", "revision_history": [{"59": "a50d2abeb189157a632144b275fbaad11de74f70"}]}