{"is_source_file": true, "format": "Python", "description": "This file defines application configuration settings using Pydantic models, loading environment variables and providing defaults for various server and database parameters.", "external_files": ["pydantic", "pydantic_settings", "functools", "typing"], "external_methods": ["lru_cache"], "published": ["get_settings"], "classes": [{"name": "Settings", "description": "Pydantic model for application configuration loaded from environment variables and optional .env file."}], "methods": [{"name": "get_settings", "description": "Returns a cached instance of Settings, ensuring configuration is loaded only once."}], "calls": ["lru_cache"], "search-terms": ["core/config.py", "Settings", "application configuration", "env variables", "pydantic settings"], "state": 2, "file_id": 8, "knowledge_revision": 62, "git_revision": "4b51baf7758a733bbc8a828fda7e991c00961e61", "revision_history": [{"36": "4b51baf7758a733bbc8a828fda7e991c00961e61"}, {"53": "4b51baf7758a733bbc8a828fda7e991c00961e61"}, {"62": "4b51baf7758a733bbc8a828fda7e991c00961e61"}], "ctags": [], "hash": "1f0b76c49e66935efa3e7daa6c54499f", "format-version": 4, "code-base-name": "CoreAPI&Services", "filename": "CoreAPI&Services/app/core/config.py"}