{"is_source_file": true, "format": "Python", "description": "This file defines logging configuration and formatter classes for a Python application, including JSON and console formatters, and functions to configure logging based on application settings.", "external_files": ["pythonjsonlogger.jsonlogger", "app.core.config"], "external_methods": ["jsonlogger.JsonFormatter.add_fields", "datetime.fromtimestamp", "logging.getLogger", "logging.StreamHandler", "logging.getLogger", "logging.warning", "sys.stdout", "json.dumps"], "published": ["configure_logging", "log_json"], "classes": [{"name": "_ConsoleFormatter", "description": "A custom formatter for human-readable console logs."}, {"name": "_SimpleJsonFormatter", "description": "A custom JSON formatter for structured logs with ISO timestamps."}], "methods": [{"name": "_should_use_json", "description": "Determines whether logging should be in JSON format based on settings."}, {"name": "configure_logging", "description": "Sets up global logging configuration based on application settings."}, {"name": "log_json", "description": "Helper function to emit structured JSON log messages."}], "calls": ["logging.getLogger", "logging.StreamHandler", "sys.stdout", "jsonlogger.JsonFormatter.add_fields", "datetime.fromtimestamp", "logging.getLogger", "json.dumps"], "search-terms": ["logging configuration", "json formatter", "console formatter", "application settings", "logging setup"], "state": 2, "file_id": 9, "knowledge_revision": 37, "git_revision": "4b51baf7758a733bbc8a828fda7e991c00961e61", "ctags": [], "hash": "6ba42f6edf185146f56440b1333c1166", "format-version": 4, "code-base-name": "CoreAPI&Services", "filename": "CoreAPI&Services/app/core/logging.py", "revision_history": [{"37": "4b51baf7758a733bbc8a828fda7e991c00961e61"}]}