{"is_source_file": true, "format": "Python", "description": "Initialization file for the CoreAPI&Services package, currently containing only a docstring describing the package.", "external_files": [], "external_methods": [], "published": [], "classes": [], "methods": [], "calls": [], "search-terms": ["CoreAPI&Services", "api", "__init__", "package initialization"], "state": 2, "file_id": 9, "knowledge_revision": 29, "git_revision": "d55b8dde44c33b31ab8d10db243b8284f63ba083", "ctags": [], "hash": "d8592b36ce50ab7f02cef0b9fa8fe7f6", "format-version": 4, "code-base-name": "CoreAPI&Services", "filename": "CoreAPI&Services/app/api/__init__.py", "revision_history": [{"29": "d55b8dde44c33b31ab8d10db243b8284f63ba083"}]}