{"is_source_file": true, "format": "Python", "description": "This is the main entry point for a FastAPI application serving the DigitalT3 LMS Core API & Services. It sets up the application, integrates middleware, routers, security schemes, and configuration, and defines the main app factory.", "external_files": ["app.api.routers.assessments", "app.api.routers.auth_debug", "app.api.routers.content", "app.api.routers.health", "app.api.routers.users", "app.core.config", "app.core.db", "app.core.errors", "app.core.logging"], "external_methods": ["get_settings", "register_mongo_lifecycle", "install_exception_handlers", "configure_logging"], "published": ["app"], "classes": [], "methods": [{"name": "create_app", "description": "Factory function to create and configure the FastAPI application with routers, middleware, and settings. It sets up security schemes, CORS, and error handling."}], "calls": ["get_settings", "configure_logging", "FastAPI", "app.openapi", "schema.setdefault", "app.openapi_schema", "app.openapi", "app.include_router", "install_exception_handlers", "register_mongo_lifecycle"], "search-terms": ["FastAPI app creation", "JWT security scheme", "MongoDB lifecycle hooks", "API routers", "OpenAPI custom schema", "CORS middleware", "main.py"], "state": 2, "file_id": 7, "knowledge_revision": 143, "git_revision": "749667ff558d78ec1efbd0cd6de8e8a3140a3aa3", "revision_history": [{"35": "4b51baf7758a733bbc8a828fda7e991c00961e61"}, {"55": "4b51baf7758a733bbc8a828fda7e991c00961e61"}, {"65": "327028bb0b258cf3c5c3f2aa75f441b582682632"}, {"79": "f32db9f7648c3bf6e6253d6e6d769aa42b98ef52"}, {"106": "19710407e292302c797f1a8602379f1eacc3005b"}, {"120": "89f0e5b51eeb0675c0dfbd871571b7e8425e2971"}, {"143": "749667ff558d78ec1efbd0cd6de8e8a3140a3aa3"}], "ctags": [], "hash": "9b1fd26e7896aecf4e16b3c6bad501e6", "format-version": 4, "code-base-name": "CoreAPI&Services", "filename": "CoreAPI&Services/app/main.py"}