{"is_source_file": true, "format": "Python", "description": "This file contains application configuration settings loaded from environment variables, using pydantic models, specifically defining environment configuration for a FastAPI or similar Python web application.", "external_files": ["pydantic", "pydantic_settings", "functools"], "external_methods": ["functools.lru_cache"], "published": ["get_settings"], "classes": [{"name": "Settings", "description": "A Pydantic model defining application configuration options, including environment, server, CORS, and database URLs."}], "methods": [{"name": "get_settings", "description": "A function returning a cached instance of the Settings class with environment configuration."}], "calls": ["lru_cache(maxsize=1)", "Settings()"], "search-terms": ["Settings", "pydantic_settings", "application configuration", "core/config", "env variables"], "state": 2, "file_id": 8, "knowledge_revision": 53, "git_revision": "4b51baf7758a733bbc8a828fda7e991c00961e61", "revision_history": [{"36": "4b51baf7758a733bbc8a828fda7e991c00961e61"}, {"53": "4b51baf7758a733bbc8a828fda7e991c00961e61"}], "ctags": [], "hash": "24b601925afa54c19e35a2fefce5a53b", "format-version": 4, "code-base-name": "CoreAPI&Services", "filename": "CoreAPI&Services/app/core/config.py"}