{"is_source_file": true, "format": "Python", "description": "This file defines API routes for content management within a FastAPI application, demonstrating role-based access control (RBAC) enforcement. It includes endpoints for listing, creating, and deleting content items, with access restricted based on user roles.", "external_files": ["app.api.deps", "app.api.security_policies"], "external_methods": ["require_roles", "CurrentUser"], "published": [], "classes": [], "methods": [{"name": "list_content", "description": "Endpoint to list content items with read permissions."}, {"name": "create_content", "description": "Endpoint to create a new content item with write permissions."}, {"name": "delete_content", "description": "Endpoint to delete a content item with admin permissions."}], "calls": ["require_roles(READ_ROLES)", "require_roles(WRITE_ROLES)", "require_roles(ADMIN_ROLES)"], "search-terms": ["content API router", "RBAC enforcement", "FastAPI routes", "role-based access control", "content management endpoints"], "state": 2, "file_id": 15, "knowledge_revision": 40, "git_revision": "b03ee7c8ca0c5cedd12417956edf848acaa6dcdf", "ctags": [], "hash": "2f2bc9de2577259a28499afa43ad6aa5", "format-version": 4, "code-base-name": "CoreAPI&Services", "filename": "CoreAPI&Services/app/api/routers/content.py", "revision_history": [{"40": "b03ee7c8ca0c5cedd12417956edf848acaa6dcdf"}]}