{"is_source_file": true, "format": "Python", "description": "Defines a Pydantic data model 'Principal' representing an authenticated user or service with attributes like subject, roles, and email, used for security/authentication purposes.", "external_files": ["app.core.security.roles"], "external_methods": [], "published": ["Principal"], "classes": [{"name": "Principal", "description": "Represents the authenticated principal (user/service) making a request, including subject, roles, and optional email."}], "methods": [], "calls": ["pydantic.BaseModel", "pydantic.Field"], "search-terms": ["Principal", "security", "roles", "OIDC", "JWT", "authentication", "pydantic", "BaseModel"], "state": 2, "file_id": 21, "knowledge_revision": 58, "git_revision": "a50d2abeb189157a632144b275fbaad11de74f70", "ctags": [], "hash": "383f538d397c2c97122245e5b4c7d538", "format-version": 4, "code-base-name": "CoreAPI&Services", "filename": "CoreAPI&Services/app/schemas/security.py", "revision_history": [{"58": "a50d2abeb189157a632144b275fbaad11de74f70"}]}