{"is_source_file": true, "format": "Python", "description": "This is a FastAPI router module for handling CRUD operations related to 'Content'. It defines several API endpoints for listing, retrieving, creating, updating, and deleting content items, with role-based access control and dependency injection for the content service.", "external_files": ["app/api/deps.py", "app/api/security_policies.py", "app/core/db.py", "app/schemas/content.py", "app/schemas/security.py", "app/services/content.py"], "external_methods": ["require_roles", "get_db", "ContentService.list_content", "ContentService.get_content", "ContentService.create_content", "ContentService.update_content", "ContentService.delete_content"], "published": ["list_content", "get_content", "create_content", "update_content", "delete_content"], "classes": [], "methods": [{"name": "get_content_service", "description": "Dependency provider for ContentService, returns an instance connected to MongoDB for use in route handlers."}, {"name": "list_content", "description": "Endpoint to list content items with pagination, accessible by users with read roles."}, {"name": "get_content", "description": "Endpoint to fetch a specific content item by ID, accessible by users with read roles."}, {"name": "create_content", "description": "Endpoint to create a new content item, accessible by users with write roles."}, {"name": "update_content", "description": "Endpoint to update an existing content item, accessible by users with write roles."}, {"name": "delete_content", "description": "Endpoint to soft-delete a content item, accessible by admin roles."}], "calls": ["get_content_service", "require_roles", "get_db", "ContentService.list_content", "ContentService.get_content", "ContentService.create_content", "ContentService.update_content", "ContentService.delete_content"], "search-terms": ["content", "Content API", "FastAPI content routes", "CRUD content endpoints", "MongoDB ContentService"], "state": 2, "file_id": 34, "knowledge_revision": 139, "git_revision": "749667ff558d78ec1efbd0cd6de8e8a3140a3aa3", "revision_history": [{"90": "f32db9f7648c3bf6e6253d6e6d769aa42b98ef52"}, {"104": "19710407e292302c797f1a8602379f1eacc3005b"}, {"123": "592d003a5aff3bc65389f329ece3719927f51df7"}, {"139": "749667ff558d78ec1efbd0cd6de8e8a3140a3aa3"}], "ctags": [], "hash": "1dccd9ae5d06b554c4bf37fa84d52a7c", "format-version": 4, "code-base-name": "CoreAPI&Services", "filename": "CoreAPI&Services/app/api/routers/content.py"}