{"is_source_file": true, "format": "Python", "description": "This file serves as a placeholder for the security package within the project, indicating planned features such as Microsoft Entra ID token validation and policy-based authorization.", "external_files": [], "external_methods": [], "published": [], "classes": [], "methods": [], "calls": [], "search-terms": ["security", "Microsoft Entra ID", "authorization", "role mapping"], "state": 2, "file_id": 14, "knowledge_revision": 52, "git_revision": "4b51baf7758a733bbc8a828fda7e991c00961e61", "ctags": [], "hash": "a331f0809a4f2f7a7124e417ba0e422a", "format-version": 4, "code-base-name": "CoreAPI&Services", "filename": "CoreAPI&Services/app/core/security/__init__.py", "revision_history": [{"52": "4b51baf7758a733bbc8a828fda7e991c00961e61"}]}