{"is_source_file": true, "format": "Python", "description": "This is the main entry point for a FastAPI-based web service, setting up application configuration, middleware, error handling, and routing for the DigitalT3 LMS Core API & Services.", "external_files": ["app.api.routers.health", "app.core.config", "app.core.db", "app.core.errors", "app.core.logging"], "external_methods": ["get_settings", "configure_logging", "install_exception_handlers", "register_mongo_lifecycle"], "published": ["app"], "classes": [], "methods": [{"name": "create_app", "description": "Creates and configures the FastAPI application instance with settings, middleware, error handlers, and routers."}], "calls": ["get_settings()", "configure_logging(settings)", "install_exception_handlers(app)", "register_mongo_lifecycle(app, settings)", "health_router"], "search-terms": ["FastAPI", "CORS middleware", "health router", "main.py", "application entrypoint", "DigitalT3 LMS"], "state": 2, "file_id": 7, "knowledge_revision": 65, "git_revision": "327028bb0b258cf3c5c3f2aa75f441b582682632", "revision_history": [{"35": "4b51baf7758a733bbc8a828fda7e991c00961e61"}, {"55": "4b51baf7758a733bbc8a828fda7e991c00961e61"}, {"65": "327028bb0b258cf3c5c3f2aa75f441b582682632"}], "ctags": [], "hash": "8ebe18e5d917f03a006c1946b9af107c", "format-version": 4, "code-base-name": "CoreAPI&Services", "filename": "CoreAPI&Services/app/main.py"}