{"is_source_file": true, "format": "Python", "description": "This file defines API endpoints for health checks in a FastAPI application, including liveness, readiness, and MongoDB connectivity status.", "external_files": ["app.core.db"], "external_methods": ["mongo_ping"], "published": ["healthz", "readyz", "health_db"], "classes": [{"name": "HealthResponse", "description": "Response schema indicating overall health status, including service identifier."}, {"name": "DbHealthResponse", "description": "Response schema for MongoDB connectivity status, including duration and error info."}], "methods": [{"name": "healthz", "description": "Liveness check endpoint indicating if the service is running."}, {"name": "readyz", "description": "Readiness check endpoint, potentially to include more checks in the future."}, {"name": "health_db", "description": "MongoDB connectivity health check endpoint."}], "calls": ["mongo_ping(request.app)"], "search-terms": ["FastAPI health endpoints", "MongoDB ping", "liveness and readiness probes", "health check API"], "state": 2, "file_id": 13, "knowledge_revision": 64, "git_revision": "327028bb0b258cf3c5c3f2aa75f441b582682632", "revision_history": [{"41": "4b51baf7758a733bbc8a828fda7e991c00961e61"}, {"64": "327028bb0b258cf3c5c3f2aa75f441b582682632"}], "ctags": [], "hash": "123ef247599e2b5ff3907cc1928000cc", "format-version": 4, "code-base-name": "CoreAPI&Services", "filename": "CoreAPI&Services/app/api/routers/health.py"}