{"is_source_file": true, "format": "Python", "description": "This Python source file defines a configuration settings class using pydantic for a web application, including environment variables, OAuth configuration, CORS policies, database connection info, and URL placeholders.", "external_files": ["pydantic", "pydantic_settings", "json", "typing", "functools"], "external_methods": ["pydantic.Field", "pydantic_settings.BaseSettings", "pydantic_settings.SettingsConfigDict", "functools.lru_cache", "json.loads"], "published": ["get_settings"], "classes": [{"name": "Settings", "description": "Configuration class for the application, loading environment variables with default values and validation logic."}], "methods": [{"name": "_parse_list_env", "description": "Static method to parse environment variables into list of strings, supporting JSON arrays, CSV strings, or Python lists."}], "calls": ["json.loads", "Settings()", "get_settings()"], "search-terms": ["Settings", "pydantic", "configuration", "app_env", "MONGODB_URI", "allowed_origins"], "state": 2, "file_id": 8, "knowledge_revision": 119, "git_revision": "89f0e5b51eeb0675c0dfbd871571b7e8425e2971", "revision_history": [{"36": "4b51baf7758a733bbc8a828fda7e991c00961e61"}, {"53": "4b51baf7758a733bbc8a828fda7e991c00961e61"}, {"62": "4b51baf7758a733bbc8a828fda7e991c00961e61"}, {"118": "0cff5c653c04299e715273605b12f6d63ea6758a"}, {"119": "89f0e5b51eeb0675c0dfbd871571b7e8425e2971"}], "ctags": [], "hash": "04939df7e1ff26455284928e3e7ef685", "format-version": 4, "code-base-name": "CoreAPI&Services", "filename": "CoreAPI&Services/app/core/config.py"}