{"is_source_file": true, "format": "Python", "description": "This file defines API route handlers for user management using FastAPI. It includes endpoints for listing, fetching, creating, updating, and deleting users, and depends on a UsersService for data operations.", "external_files": ["app.core.db", "app.schemas.users", "app.services.users"], "external_methods": ["get_db", "UserCreate", "UserListResponse", "UserRead", "UserUpdate", "UsersService"], "published": ["list_users", "get_user", "create_user", "update_user", "delete_user"], "classes": [], "methods": [{"name": "get_users_service", "description": "Provides a UsersService instance, connected to the database, for dependency injection in route handlers."}, {"name": "list_users", "description": "Handles GET /users; returns a paginated list of users."}, {"name": "get_user", "description": "Handles GET /users/{user_id}; fetches a single user by ID."}, {"name": "create_user", "description": "Handles POST /users; creates a new user."}, {"name": "update_user", "description": "Handles PUT /users/{user_id}; updates an existing user."}, {"name": "delete_user", "description": "Handles DELETE /users/{user_id}; deletes a user."}], "calls": ["get_db", "service.list_users", "service.get_user", "service.create_user", "service.update_user", "service.delete_user"], "search-terms": ["FastAPI route handlers", "UsersService dependency", "/users endpoints", "user management API", "MongoDB-backed service", "router prefix /users"], "state": 2, "file_id": 33, "knowledge_revision": 103, "git_revision": "19710407e292302c797f1a8602379f1eacc3005b", "revision_history": [{"89": "f32db9f7648c3bf6e6253d6e6d769aa42b98ef52"}, {"103": "19710407e292302c797f1a8602379f1eacc3005b"}], "ctags": [], "hash": "132f7bb3094e3852dd892ee74871f4fb", "format-version": 4, "code-base-name": "CoreAPI&Services", "filename": "CoreAPI&Services/app/api/routers/users.py"}