{"is_source_file": false, "format": "", "description": "", "external_files": [], "external_methods": [], "published": [], "classes": [], "methods": [], "calls": [], "search-terms": [], "state": 2, "file_id": 5, "knowledge_revision": 33, "git_revision": "4b51baf7758a733bbc8a828fda7e991c00961e61", "hash": "97f76e1c4717feeec3c2bad2ce06f6e2", "format-version": 4, "code-base-name": "CoreAPI&Services", "filename": "CoreAPI&Services/pyproject.toml", "revision_history": [{"33": "4b51baf7758a733bbc8a828fda7e991c00961e61"}]}