{"is_source_file": false, "format": "", "description": "", "external_files": [], "external_methods": [], "published": [], "classes": [], "methods": [], "calls": [], "search-terms": [], "state": 2, "file_id": 4, "knowledge_revision": 22, "git_revision": "4b51baf7758a733bbc8a828fda7e991c00961e61", "hash": "e48c7fe545c91d80dcd42da96e37a59e", "format-version": 4, "code-base-name": "CoreAPI&Services", "filename": "CoreAPI&Services/README.md", "revision_history": [{"22": "4b51baf7758a733bbc8a828fda7e991c00961e61"}]}