{"is_source_file": true, "format": "Python", "description": "This file appears to be a Python module for API routers in the CoreAPI&Services backend.", "external_files": [], "external_methods": [], "published": [], "classes": [], "methods": [], "calls": [], "search-terms": ["api routers", "CoreAPI&Services", "backend", "__init__.py"], "state": 2, "file_id": 12, "knowledge_revision": 40, "git_revision": "4b51baf7758a733bbc8a828fda7e991c00961e61", "ctags": [], "hash": "5e59a48b62662a55c64f14c043d0557c", "format-version": 4, "code-base-name": "CoreAPI&Services", "filename": "CoreAPI&Services/app/api/routers/__init__.py", "revision_history": [{"40": "4b51baf7758a733bbc8a828fda7e991c00961e61"}]}