{"is_source_file": true, "format": "Python", "description": "This Python source file defines a FastAPI router for handling content-related endpoints with Role-Based Access Control (RBAC). It includes endpoints for listing, creating, and deleting content items, each protected by specific role requirements.", "external_files": ["app.api.deps", "app.api.security_policies"], "external_methods": ["app.api.deps.require_roles", "app.api.security_policies.ADMIN_ROLES", "app.api.security_policies.READ_ROLES", "app.api.security_policies.WRITE_ROLES"], "published": ["list_content", "create_content", "delete_content"], "classes": [], "methods": [{"name": "list_content", "description": "Handles GET requests to list content items with RBAC enforced, returning a static list of content."}, {"name": "create_content", "description": "Handles POST requests to create a new content item, echoing the payload with a fake ID, protected by WRITE_ROLES."}, {"name": "delete_content", "description": "Handles DELETE requests to remove a content item by ID, requiring ADMIN_ROLES."}], "calls": ["require_roles(READ_ROLES)", "require_roles(WRITE_ROLES)", "require_roles(ADMIN_ROLES)"], "search-terms": ["FastAPI", "Content API", "RBAC", "require_roles", "security_policies", "content endpoints"], "state": 2, "file_id": 15, "knowledge_revision": 43, "git_revision": "53552cd6c3330a23f0ce7306a7c612713143570d", "revision_history": [{"40": "b03ee7c8ca0c5cedd12417956edf848acaa6dcdf"}, {"43": "53552cd6c3330a23f0ce7306a7c612713143570d"}], "ctags": [], "hash": "f657015b3a9cb6d18fecfed7900db949", "format-version": 4, "code-base-name": "CoreAPI&Services", "filename": "CoreAPI&Services/app/api/routers/content.py"}