{"is_source_file": true, "format": "Python", "description": "This file defines API endpoints related to user management using FastAPI. It sets up routes for listing, creating, and deleting users, employing role-based access control with dependencies and security policies.", "external_files": ["app.api.deps", "app.api.security_policies"], "external_methods": ["app.api.deps.require_roles", "app.api.deps.Principal", "app.api.security_policies.ADMIN_ROLES", "app.api.security_policies.READ_ROLES", "app.api.security_policies.WRITE_ROLES"], "published": ["list_users", "create_user", "delete_user"], "classes": [], "methods": [{"name": "list_users", "description": "Handles GET requests to return a minimal list of users, requiring roles in READ_ROLES."}, {"name": "create_user", "description": "Handles POST requests to create a user, echoing back the payload, requiring roles in WRITE_ROLES."}, {"name": "delete_user", "description": "Handles DELETE requests to remove a user by ID, requiring roles in ADMIN_ROLES."}], "calls": ["app.api.deps.require_roles", "Depends(require_roles(READ_ROLES))", "Depends(require_roles(WRITE_ROLES))", "Depends(require_roles(ADMIN_ROLES))"], "search-terms": ["FastAPI Users API", "RBAC role enforcement", "User management endpoints", "Depends(require_roles)", "app.api.security_policies"], "state": 2, "file_id": 14, "knowledge_revision": 42, "git_revision": "53552cd6c3330a23f0ce7306a7c612713143570d", "revision_history": [{"39": "b03ee7c8ca0c5cedd12417956edf848acaa6dcdf"}, {"42": "53552cd6c3330a23f0ce7306a7c612713143570d"}], "ctags": [], "hash": "84427ab420da7fbd1cd4cabe08ead9f0", "format-version": 4, "code-base-name": "CoreAPI&Services", "filename": "CoreAPI&Services/app/api/routers/users.py"}