{"is_source_file": true, "format": "Python", "description": "This file defines data models for assessments using Pydantic. It includes models for creating, updating, reading, and listing assessments, with fields for identifiers, timestamps, and related metadata.", "external_files": ["datetime", "pydantic.BaseModel", "pydantic.Field"], "external_methods": [], "published": ["AssessmentBase", "AssessmentCreate", "AssessmentUpdate", "AssessmentRead", "AssessmentListResponse"], "classes": [{"name": "AssessmentBase", "description": "Shared assessment fields, including title, course_id, and module_id."}, {"name": "AssessmentCreate", "description": "Payload model for creating an assessment, inheriting from AssessmentBase."}, {"name": "AssessmentUpdate", "description": "Payload model for updating an assessment, allowing optional fields."}, {"name": "AssessmentRead", "description": "Model for assessment responses, including timestamps and identifier."}, {"name": "AssessmentListResponse", "description": "Envelope model for listing assessments, including items, total count, and pagination."}], "methods": [], "calls": [], "search-terms": ["AssessmentBase", "AssessmentCreate", "AssessmentUpdate", "AssessmentRead", "AssessmentListResponse", "pydantic", "assessment"], "state": 2, "file_id": 29, "knowledge_revision": 98, "git_revision": "19710407e292302c797f1a8602379f1eacc3005b", "revision_history": [{"85": "f32db9f7648c3bf6e6253d6e6d769aa42b98ef52"}, {"98": "19710407e292302c797f1a8602379f1eacc3005b"}], "ctags": [], "hash": "bed831676377a2d463f6ee2d8024ee91", "format-version": 4, "code-base-name": "CoreAPI&Services", "filename": "CoreAPI&Services/app/schemas/assessments.py"}