{"is_source_file": true, "format": "Python", "description": "This file defines security policies based on user roles within the application, including role groupings for read, write, and admin operations.", "external_files": ["app.core.security.roles"], "external_methods": [], "published": [], "classes": [], "methods": [], "calls": ["Role.LEARNER", "Role.EMPLOYEE", "Role.INSTRUCTOR", "Role.MANAGER", "Role.ADMIN", "Role.SUPERADMIN"], "search-terms": ["security_policies", "Role", "READ_ROLES", "WRITE_ROLES", "ADMIN_ROLES", "security", "policy", "roles"], "state": 2, "file_id": 46, "knowledge_revision": 149, "git_revision": "749667ff558d78ec1efbd0cd6de8e8a3140a3aa3", "ctags": [], "hash": "50e3ebef6382578113129eeeadc04346", "format-version": 4, "code-base-name": "CoreAPI&Services", "filename": "CoreAPI&Services/app/api/security_policies.py", "revision_history": [{"149": "749667ff558d78ec1efbd0cd6de8e8a3140a3aa3"}]}