{"is_source_file": true, "format": "Python", "description": "This file defines an 'AssessmentsService' class, providing placeholder asynchronous methods for listing, retrieving, creating, updating, and deleting assessment records. The class interacts with assessment data schemas and acts as a stub for future repository or database integration, serving as the core service layer for assessments within the application.", "external_files": ["app.schemas.assessments"], "external_methods": ["AssessmentCreate", "AssessmentListResponse", "AssessmentRead", "AssessmentUpdate"], "published": ["AssessmentsService"], "classes": [{"name": "AssessmentsService", "description": "A placeholder service class managing assessments with asynchronous methods for CRUD operations."}], "methods": [{"name": "list_assessments", "description": "Returns a placeholder list of assessments encapsulated in an AssessmentListResponse object."}, {"name": "get_assessment", "description": "Returns a placeholder assessment record by ID."}, {"name": "create_assessment", "description": "Creates an assessment from a payload and returns the created assessment."}, {"name": "update_assessment", "description": "Updates an assessment record with provided data and returns the updated record."}, {"name": "delete_assessment", "description": "Deletes an assessment record by ID and returns a confirmation dictionary."}], "calls": ["datetime.now", "AssessmentListResponse", "AssessmentRead", "AssessmentCreate", "AssessmentUpdate"], "search-terms": ["AssessmentsService", "assessment", "placeholder", "AssessmentCreate", "AssessmentRead", "AssessmentUpdate", "AssessmentListResponse"], "state": 2, "file_id": 32, "knowledge_revision": 88, "git_revision": "f32db9f7648c3bf6e6253d6e6d769aa42b98ef52", "ctags": [], "hash": "1d1a63d26e05605cc9f5f8661768442a", "format-version": 4, "code-base-name": "CoreAPI&Services", "filename": "CoreAPI&Services/app/services/assessments.py", "revision_history": [{"88": "f32db9f7648c3bf6e6253d6e6d769aa42b98ef52"}]}