{"is_source_file": true, "format": "Python", "description": "This file defines FastAPI route handlers for assessments, including listing, retrieving, creating, updating, and deleting assessments. It relies on services, schemas, and security policies to provide an API interface for assessment management.", "external_files": ["app.api.deps", "app.api.security_policies", "app.core.db", "app.schemas.assessments", "app.schemas.security", "app.services.assessments"], "external_methods": ["require_roles", "get_db", "AssessmentsService.list_assessments", "AssessmentsService.get_assessment", "AssessmentsService.create_assessment", "AssessmentsService.update_assessment", "AssessmentsService.delete_assessment"], "published": ["list_assessments", "get_assessment", "create_assessment", "update_assessment", "delete_assessment"], "classes": [], "methods": [{"name": "get_assessments_service", "description": "Dependency provider that creates an AssessmentsService instance with a MongoDB database."}], "calls": ["AssessmentsService.list_assessments", "AssessmentsService.get_assessment", "AssessmentsService.create_assessment", "AssessmentsService.update_assessment", "AssessmentsService.delete_assessment"], "search-terms": ["FastAPI assessments router", "MongoDB assessments service", "assessment CRUD endpoints", "assessment API security", "assessment request handlers"], "state": 2, "file_id": 35, "knowledge_revision": 140, "git_revision": "749667ff558d78ec1efbd0cd6de8e8a3140a3aa3", "revision_history": [{"91": "f32db9f7648c3bf6e6253d6e6d769aa42b98ef52"}, {"105": "19710407e292302c797f1a8602379f1eacc3005b"}, {"124": "592d003a5aff3bc65389f329ece3719927f51df7"}, {"140": "749667ff558d78ec1efbd0cd6de8e8a3140a3aa3"}], "ctags": [], "hash": "01b44d3b6645a81dbfa9a09b7bb401e3", "format-version": 4, "code-base-name": "CoreAPI&Services", "filename": "CoreAPI&Services/app/api/routers/assessments.py"}