{"is_source_file": true, "format": "Python", "description": "This file defines API routes related to assessments, demonstrating Role-Based Access Control (RBAC) enforcement using FastAPI. It includes endpoints to list, create, and delete assessments, with security dependencies that restrict access based on user roles.", "external_files": ["app.api.deps", "app.api.security_policies"], "external_methods": ["require_roles", "CurrentUser"], "published": ["list_assessments", "create_assessment", "delete_assessment"], "classes": [], "methods": [{"name": "list_assessments", "description": "Returns a static list of assessments, accessible to users with roles in READ_ROLES."}, {"name": "create_assessment", "description": "Creates and returns an assessment echo payload with a fake id, accessible to users with roles in WRITE_ROLES."}, {"name": "delete_assessment", "description": "Deletes an assessment by id, accessible to users with roles in ADMIN_ROLES."}], "calls": ["require_roles(READ_ROLES)", "require_roles(WRITE_ROLES)", "require_roles(ADMIN_ROLES)"], "search-terms": ["Assessments API", "RBAC enforcement", "FastAPI router", "assessment endpoints", "role-based access control", "security dependencies", "assessments list", "create assessment", "delete assessment"], "state": 2, "file_id": 16, "knowledge_revision": 41, "git_revision": "b03ee7c8ca0c5cedd12417956edf848acaa6dcdf", "ctags": [], "hash": "9da1a66720032e22ecb696405ba4409a", "format-version": 4, "code-base-name": "CoreAPI&Services", "filename": "CoreAPI&Services/app/api/routers/assessments.py", "revision_history": [{"41": "b03ee7c8ca0c5cedd12417956edf848acaa6dcdf"}]}