{"is_source_file": true, "format": "Python", "description": "This is the main entry point script for a FastAPI web application for the DigitalT3 LMS Core API & Services. It sets up application configuration, logging, error handling, CORS middleware, database lifecycle hooks, and mounts API routers for health checks, users, content, and assessments.", "external_files": ["app.api.routers.assessments", "app.api.routers.content", "app.api.routers.health", "app.api.routers.users", "app.core.config", "app.core.db", "app.core.errors", "app.core.logging"], "external_methods": ["get_settings", "register_mongo_lifecycle", "install_exception_handlers", "configure_logging"], "published": ["app"], "classes": [], "methods": [{"name": "create_app", "description": "Creates and configures the FastAPI app instance with settings, middleware, error handlers, and routers."}], "calls": ["get_settings()", "configure_logging(settings)", "install_exception_handlers(app)", "register_mongo_lifecycle(app, settings)", "app.include_router(health_router)", "app.include_router(users_router)", "app.include_router(content_router)", "app.include_router(assessments_router)"], "search-terms": ["FastAPI application setup", "CORS middleware configuration", "assessment router", "health router", "core API entry point", "main.py"], "state": 2, "file_id": 7, "knowledge_revision": 106, "git_revision": "19710407e292302c797f1a8602379f1eacc3005b", "revision_history": [{"35": "4b51baf7758a733bbc8a828fda7e991c00961e61"}, {"55": "4b51baf7758a733bbc8a828fda7e991c00961e61"}, {"65": "327028bb0b258cf3c5c3f2aa75f441b582682632"}, {"79": "f32db9f7648c3bf6e6253d6e6d769aa42b98ef52"}, {"106": "19710407e292302c797f1a8602379f1eacc3005b"}], "ctags": [], "hash": "3bb65c2f25bea25c19b1af622e232f90", "format-version": 4, "code-base-name": "CoreAPI&Services", "filename": "CoreAPI&Services/app/main.py"}