{"is_source_file": true, "format": "Python", "description": "This file defines API route handlers for health check endpoints in a FastAPI application, including liveness and readiness probes, along with the associated response model.", "external_files": ["fastapi", "pydantic"], "external_methods": ["fastapi.APIRouter", "pydantic.BaseModel", "pydantic.Field"], "published": ["router"], "classes": [{"name": "HealthResponse", "description": "Pydantic model representing the health status response payload, including status and service identifier."}], "methods": [{"name": "healthz", "description": "Asynchronous function that handles the liveness check endpoint, returning a HealthResponse with status 'ok' and service name."}, {"name": "readyz", "description": "Asynchronous function for the readiness check endpoint, returning a HealthResponse with status 'ok' and service name, with a placeholder for future DB connectivity checks."}], "calls": ["HealthResponse(status=\"ok\", service=\"coreapi\")", "HealthResponse(status=\"ok\", service=\"coreapi\")"], "search-terms": ["liveness", "readiness", "health endpoint", "FastAPI health check", "APIRouter", "HealthResponse"], "state": 2, "file_id": 13, "knowledge_revision": 41, "git_revision": "4b51baf7758a733bbc8a828fda7e991c00961e61", "ctags": [], "hash": "7ea4d75eaf272f29a1e56864d8bb161c", "format-version": 4, "code-base-name": "CoreAPI&Services", "filename": "CoreAPI&Services/app/api/routers/health.py", "revision_history": [{"41": "4b51baf7758a733bbc8a828fda7e991c00961e61"}]}