{"is_source_file": true, "format": "Python", "description": "This file is the main entry point for a FastAPI-based web service, setting up application configuration, middleware, error handling, and routing for the DigitalT3 LMS Core API & Services.", "external_files": ["app.api.routers.health", "app.core.config", "app.core.errors", "app.core.logging"], "external_methods": ["get_settings", "install_exception_handlers", "configure_logging"], "published": ["app"], "classes": [], "methods": [{"name": "create_app", "description": "Creates and configures the FastAPI application instance, setting up middleware, error handlers, and routers."}], "calls": ["get_settings()", "configure_logging(settings)", "FastAPI(...)", "app.add_middleware(CORSMiddleware, ...)", "install_exception_handlers(app)", "app.include_router(health_router)"], "search-terms": ["FastAPI", "create_app", "main.py", "health_router", "CORS", "openapi_tags", "app.include_router", "app.api.routers.health"], "state": 2, "file_id": 7, "knowledge_revision": 55, "git_revision": "4b51baf7758a733bbc8a828fda7e991c00961e61", "revision_history": [{"35": "4b51baf7758a733bbc8a828fda7e991c00961e61"}, {"55": "4b51baf7758a733bbc8a828fda7e991c00961e61"}], "ctags": [], "hash": "9f3e1423e27f18eaab24a1a7011ca189", "format-version": 4, "code-base-name": "CoreAPI&Services", "filename": "CoreAPI&Services/app/main.py"}