{"is_source_file": true, "format": "Python", "description": "This module defines role group constants for role-based access control (RBAC), including role enums and role sets used for access permissions in the application.", "external_files": ["app.core.security.roles"], "external_methods": [], "published": ["READ_ROLES", "WRITE_ROLES", "ADMIN_ROLES"], "classes": [{"name": "Role", "description": "Enum class for defining user roles, with a fallback implementation if the canonical Role is unavailable."}], "methods": [], "calls": ["frozenset", "Role.LEARNER", "Role.EMPLOYEE", "Role.INSTRUCTOR", "Role.MANAGER", "Role.ADMIN", "Role.SUPER_ADMIN"], "search-terms": ["security_policies", "RBAC", "roles", "role group constants", "access control", "enums", "policy constants"], "state": 2, "file_id": 13, "knowledge_revision": 38, "git_revision": "b03ee7c8ca0c5cedd12417956edf848acaa6dcdf", "ctags": [], "hash": "533ece6aed9242fe9f04bc73e3899d64", "format-version": 4, "code-base-name": "CoreAPI&Services", "filename": "CoreAPI&Services/app/api/security_policies.py", "revision_history": [{"38": "b03ee7c8ca0c5cedd12417956edf848acaa6dcdf"}]}