{"is_source_file": true, "format": "Python", "description": "This script provides functions to connect to a MongoDB database, count seeded documents, and remove seeded sample data based on a specific seed tag. It includes main execution logic to perform the clearing process.", "external_files": ["app.core.config", "app.services.assessments", "app.services.content", "app.services.users"], "external_methods": ["get_settings", "AssessmentsService.collection_name", "ContentService.collection_name", "UsersService.collection_name"], "published": ["clear_seeded"], "classes": [], "methods": [{"name": "_get_db", "description": "Establishes and returns a MongoDB database connection using settings."}, {"name": "_counts", "description": "Counts documents with a specific seed_tag in users, content, and assessments collections."}, {"name": "clear_seeded", "description": "Deletes documents seeded with a specific seed_tag from the database, without dropping collections or indexes."}, {"name": "_main_async", "description": "Main asynchronous function to perform pre- and post-clear seed counts and print results."}, {"name": "main", "description": "Runs the asynchronous main function using asyncio.run."}], "calls": ["_get_db", "_counts", "get_settings", "db[collection_name].count_documents", "db[collection_name].delete_many", "_main_async", "asyncio.run"], "search-terms": ["clear_seeded", "MongoDB seed removal", "asyncio database cleanup", "seed_tag delete", "MongoDB seed data"], "state": 2, "file_id": 42, "knowledge_revision": 117, "git_revision": "99820cf292b8e50fe34749ddd02bee0c28672dfc", "ctags": [], "hash": "b7761b5c747efc339bc09daeaeca54c0", "format-version": 4, "code-base-name": "CoreAPI&Services", "filename": "CoreAPI&Services/app/scripts/clear_db.py", "revision_history": [{"117": "99820cf292b8e50fe34749ddd02bee0c28672dfc"}]}