{"is_source_file": false, "format": "", "description": "", "external_files": [], "external_methods": [], "published": [], "classes": [], "methods": [], "calls": [], "search-terms": [], "state": 2, "file_id": 3, "knowledge_revision": 133, "git_revision": "36a938dbec10b52d36c62bada437a6e8b0b663c1", "revision_history": [{"15": "36a938dbec10b52d36c62bada437a6e8b0b663c1"}, {"133": "36a938dbec10b52d36c62bada437a6e8b0b663c1"}], "hash": "6cd6d43308791b69ce587a40cad627ab", "format-version": 4, "code-base-name": "CoreAPI&Services", "filename": "README.md"}